region,date,strat,type,median,mean,sd,lower_90,lower_50,lower_20,upper_20,upper_50,upper_90
Africa,2020-09-27,,estimate,142,147,42,86,116,132,153,172,223
Africa,2020-09-28,,estimate,135,138,39,80,110,125,145,162,207
Africa,2020-09-29,,estimate,171,174,49,103,139,158,182,204,264
Africa,2020-09-30,,estimate,195,200,56,119,160,181,209,234,301
Africa,2020-10-01,,estimate,204,209,59,122,168,190,219,244,315
Africa,2020-10-02,,estimate,210,215,60,128,172,195,225,251,321
Africa,2020-10-03,,estimate,188,195,55,114,156,175,203,227,295
Africa,2020-10-04,,estimate,180,184,52,108,149,167,193,215,274
Africa,2020-10-05,,estimate,164,169,47,98,135,153,176,197,254
Africa,2020-10-06,,estimate,202,208,58,122,167,188,217,243,308
Africa,2020-10-07,,estimate,229,235,65,138,189,213,246,275,352
Africa,2020-10-08,,estimate,237,242,67,143,194,221,253,282,358
Africa,2020-10-09,,estimate,238,244,67,148,196,221,254,283,360
Africa,2020-10-10,,estimate,215,220,63,130,176,200,229,258,334
Africa,2020-10-11,,estimate,200,205,57,121,165,185,214,240,306
Africa,2020-10-12,,estimate,183,188,53,111,149,170,196,220,281
Africa,2020-10-13,,estimate,221,228,63,136,183,206,239,268,342
Africa,2020-10-14,,estimate,249,256,70,154,204,232,268,300,382
Africa,2020-10-15,,estimate,254,261,73,155,209,237,272,306,393
Africa,2020-10-16,,estimate,258,266,73,158,214,241,278,310,399
Africa,2020-10-17,,estimate,229,236,67,140,189,213,245,276,357
Africa,2020-10-18,,estimate,214,220,59,133,177,200,228,256,327
Africa,2020-10-19,,estimate,194,199,54,119,160,181,209,232,294
Africa,2020-10-20,,estimate,235,241,66,145,194,219,251,280,358
Africa,2020-10-21,,estimate,266,273,76,162,220,248,286,321,409
Africa,2020-10-22,,estimate,270,277,75,169,224,251,290,323,410
Africa,2020-10-23,,estimate,274,280,77,165,227,256,293,326,418
Africa,2020-10-24,,estimate,243,249,69,148,200,226,260,291,374
Africa,2020-10-25,,estimate,227,231,63,138,186,210,243,271,342
Africa,2020-10-26,,estimate,206,211,60,122,168,192,222,249,316
Africa,2020-10-27,,estimate,249,257,70,156,207,233,267,298,385
Africa,2020-10-28,,estimate,284,292,80,177,235,264,303,339,444
Africa,2020-10-29,,estimate,285,294,80,176,237,267,305,342,439
Africa,2020-10-30,,estimate,293,300,83,174,241,272,314,352,448
Africa,2020-10-31,,estimate,254,263,73,154,211,237,274,309,394
Africa,2020-11-01,,estimate,238,245,68,148,198,222,256,287,368
Africa,2020-11-02,,estimate,219,225,63,133,179,203,235,263,337
Africa,2020-11-03,,estimate,264,272,76,164,217,245,284,319,410
Africa,2020-11-04,,estimate,296,304,82,181,245,277,319,357,450
Africa,2020-11-05,,estimate,303,310,84,185,251,282,323,362,458
Africa,2020-11-06,,estimate,307,314,87,189,252,285,328,365,475
Africa,2020-11-07,,estimate,271,278,77,165,225,253,291,325,416
Africa,2020-11-08,,estimate,252,259,71,154,207,235,271,302,385
Africa,2020-11-09,,estimate,229,236,65,138,190,213,247,275,351
Africa,2020-11-10,,estimate,276,284,79,169,228,257,295,333,424
Africa,2020-11-11,,estimate,312,321,88,190,258,292,333,373,480
Africa,2020-11-12,,estimate,313,321,88,192,261,292,335,373,475
Africa,2020-11-13,,estimate,318,326,90,194,263,296,340,380,488
Africa,2020-11-14,,estimate,280,288,79,171,232,262,301,337,431
Africa,2020-11-15,,estimate,261,268,74,161,216,244,279,312,399
Africa,2020-11-16,,estimate,236,244,67,147,196,221,254,284,367
Africa,2020-11-17,,estimate,285,293,79,178,238,267,307,341,437
Africa,2020-11-18,,estimate,318,327,90,197,263,295,341,382,487
Africa,2020-11-19,,estimate,323,332,90,202,266,301,345,387,494
Africa,2020-11-20,,estimate,326,334,91,199,271,305,347,387,498
Africa,2020-11-21,,estimate,289,296,81,178,240,268,309,346,436
Africa,2020-11-22,,estimate,264,272,75,162,218,246,283,318,410
Africa,2020-11-23,,estimate,245,250,68,150,203,229,262,292,370
Africa,2020-11-24,,estimate,292,303,85,180,244,274,314,355,456
Africa,2020-11-25,,estimate,327,334,90,198,271,305,349,389,492
Africa,2020-11-26,,estimate,331,340,93,203,275,310,357,396,502
Africa,2020-11-27,,estimate,332,343,94,206,277,309,356,399,508
Africa,2020-11-28,,estimate,299,305,85,179,247,277,319,357,455
Africa,2020-11-29,,estimate,275,283,78,169,228,257,295,330,425
Africa,2020-11-30,,estimate,251,259,73,154,206,233,271,303,393
Africa,2020-12-01,,estimate,306,314,85,189,256,286,327,364,467
Africa,2020-12-02,,estimate,342,352,98,211,284,318,366,410,529
Africa,2020-12-03,,estimate,348,357,98,212,287,324,374,416,534
Africa,2020-12-04,,estimate,352,360,98,218,289,328,377,419,537
Africa,2020-12-05,,estimate,315,324,89,194,262,294,338,377,482
Africa,2020-12-06,,estimate,296,304,85,181,242,276,318,356,453
Africa,2020-12-07,,estimate,270,276,76,164,223,252,287,320,415
Africa,2020-12-08,,estimate,328,338,94,202,271,306,351,393,507
Africa,2020-12-09,,estimate,375,381,103,228,307,349,399,445,563
Africa,2020-12-10,,estimate,384,394,110,232,317,356,412,459,591
Africa,2020-12-11,,estimate,394,405,110,245,326,367,421,471,603
Africa,2020-12-12,,estimate,352,360,99,216,290,328,375,418,532
Africa,2020-12-13,,estimate,331,341,93,202,275,309,356,399,507
Africa,2020-12-14,,estimate,305,315,88,190,252,284,326,370,471
Africa,2020-12-15,,estimate,376,387,108,234,309,349,404,450,576
Africa,2020-12-16,,estimate,432,442,120,271,357,401,461,514,656
Africa,2020-12-17,,estimate,443,455,126,271,366,414,475,531,683
Africa,2020-12-18,,estimate,456,470,130,282,378,425,491,547,700
Africa,2020-12-19,,estimate,418,427,117,256,346,390,445,494,635
Africa,2020-12-20,,estimate,391,404,111,246,324,364,421,472,600
Africa,2020-12-21,,estimate,363,370,103,221,297,336,387,433,551
Africa,2020-12-22,,estimate,448,460,127,278,368,416,478,537,688
Africa,2020-12-23,,estimate,518,530,141,319,431,482,555,612,779
Africa,2020-12-24,,estimate,536,551,150,330,446,501,573,639,818
Africa,2020-12-25,,estimate,553,569,155,346,459,516,592,660,859
Africa,2020-12-26,,estimate,506,520,144,308,418,471,546,605,778
Africa,2020-12-27,,estimate,476,488,133,292,396,444,508,571,719
Africa,2020-12-28,,estimate,445,455,123,273,367,415,476,531,676
Africa,2020-12-29,,estimate,552,567,157,342,456,514,592,658,845
Africa,2020-12-30,,estimate,635,648,172,392,527,591,675,752,953
Africa,2020-12-31,,estimate based on partial data,658,674,179,415,545,617,704,782,997
Africa,2021-01-01,,estimate based on partial data,679,699,189,414,568,639,728,810,1031
Africa,2021-01-02,,estimate based on partial data,616,634,175,381,507,574,659,741,950
Africa,2021-01-03,,estimate based on partial data,583,599,165,362,482,542,624,697,899
Africa,2021-01-04,,estimate based on partial data,539,555,152,334,447,504,579,646,824
Africa,2021-01-05,,estimate based on partial data,672,692,188,413,557,630,723,806,1024
Africa,2021-01-06,,estimate based on partial data,772,790,214,477,638,719,824,921,1159
Africa,2021-01-07,,estimate based on partial data,801,822,222,495,665,747,856,954,1215
Africa,2021-01-08,,estimate based on partial data,820,842,231,498,684,764,877,986,1256
Africa,2021-01-09,,estimate based on partial data,744,772,212,467,626,697,798,900,1155
Africa,2021-01-10,,estimate based on partial data,708,727,196,444,592,661,761,849,1071
Africa,2021-01-11,,estimate based on partial data,659,675,186,403,543,611,705,790,1004
Africa,2021-01-12,,estimate based on partial data,813,836,232,500,671,754,874,978,1243
Africa,2021-01-13,,estimate based on partial data,939,963,270,572,768,871,1006,1124,1437
Africa,2021-01-14,,estimate based on partial data,960,993,279,590,792,898,1032,1161,1505
Africa,2021-01-15,,estimate based on partial data,982,1009,282,597,812,917,1056,1177,1504
Africa,2021-01-16,,estimate based on partial data,894,923,255,553,744,834,957,1075,1387
Africa,2021-01-17,,estimate based on partial data,850,874,250,508,695,792,913,1025,1324
Africa,2021-01-18,,forecast,786,813,239,476,643,728,842,951,1240
Africa,2021-01-19,,forecast,968,1002,297,586,799,898,1039,1162,1548
Africa,2021-01-20,,forecast,1112,1153,342,667,909,1035,1198,1355,1770
Africa,2021-01-21,,forecast,1143,1186,363,668,929,1061,1233,1401,1846
Africa,2021-01-22,,forecast,1171,1216,377,683,951,1080,1269,1443,1880
Africa,2021-01-23,,forecast,1065,1105,351,612,858,981,1149,1304,1732
Africa,2021-01-24,,forecast,998,1041,353,547,791,913,1087,1239,1684
Africa,2021-01-25,,forecast,921,968,341,506,718,842,1005,1161,1604
Africa,2021-01-26,,forecast,1152,1207,426,627,900,1053,1248,1454,2008
Africa,2021-01-27,,forecast,1314,1386,522,691,1022,1197,1434,1661,2350
Africa,2021-01-28,,forecast,1334,1428,555,701,1038,1216,1460,1715,2454
Africa,2021-01-29,,forecast,1374,1463,592,698,1056,1241,1509,1764,2536
Africa,2021-01-30,,forecast,1245,1334,560,612,949,1135,1373,1611,2347
Africa,2021-01-31,,forecast,1177,1278,578,565,895,1069,1316,1551,2300
Americas,2020-09-27,,estimate,2752,2783,453,2088,2470,2639,2867,3068,3552
Americas,2020-09-28,,estimate,2445,2465,394,1869,2181,2343,2538,2718,3135
Americas,2020-09-29,,estimate,1543,1556,248,1182,1380,1478,1604,1715,1983
Americas,2020-09-30,,estimate,1859,1875,298,1411,1662,1785,1937,2066,2374
Americas,2020-10-01,,estimate,3227,3256,518,2468,2902,3104,3357,3586,4173
Americas,2020-10-02,,estimate,3534,3568,563,2692,3174,3401,3674,3919,4544
Americas,2020-10-03,,estimate,3634,3665,577,2778,3270,3487,3767,4017,4653
Americas,2020-10-04,,estimate,3072,3093,480,2359,2755,2948,3189,3396,3936
Americas,2020-10-05,,estimate,2612,2639,420,1995,2357,2515,2713,2896,3373
Americas,2020-10-06,,estimate,1615,1630,260,1231,1448,1551,1679,1796,2084
Americas,2020-10-07,,estimate,1891,1909,305,1441,1694,1817,1967,2108,2433
Americas,2020-10-08,,estimate,3249,3277,512,2479,2923,3124,3378,3609,4169
Americas,2020-10-09,,estimate,3518,3539,550,2694,3153,3384,3647,3901,4473
Americas,2020-10-10,,estimate,3572,3605,551,2753,3222,3445,3711,3945,4561
Americas,2020-10-11,,estimate,2946,2966,453,2262,2642,2830,3067,3265,3734
Americas,2020-10-12,,estimate,2513,2537,399,1925,2262,2407,2616,2792,3233
Americas,2020-10-13,,estimate,1532,1546,238,1180,1380,1476,1592,1697,1959
Americas,2020-10-14,,estimate,1781,1799,278,1374,1608,1712,1848,1970,2286
Americas,2020-10-15,,estimate,3031,3066,481,2346,2733,2914,3140,3358,3904
Americas,2020-10-16,,estimate,3258,3292,509,2512,2936,3131,3386,3614,4186
Americas,2020-10-17,,estimate,3321,3340,520,2544,2967,3180,3458,3678,4242
Americas,2020-10-18,,estimate,2708,2746,433,2091,2441,2607,2827,3021,3514
Americas,2020-10-19,,estimate,2318,2336,363,1753,2090,2234,2412,2571,2940
Americas,2020-10-20,,estimate,1410,1427,229,1075,1268,1356,1466,1574,1835
Americas,2020-10-21,,estimate,1668,1678,254,1278,1503,1607,1733,1843,2106
Americas,2020-10-22,,estimate,2854,2870,446,2191,2552,2741,2971,3155,3630
Americas,2020-10-23,,estimate,3068,3101,480,2365,2765,2962,3194,3405,3938
Americas,2020-10-24,,estimate,3128,3154,491,2404,2804,3004,3249,3472,3991
Americas,2020-10-25,,estimate,2600,2617,413,1974,2334,2495,2706,2881,3324
Americas,2020-10-26,,estimate,2224,2243,341,1704,2011,2144,2313,2462,2821
Americas,2020-10-27,,estimate,1375,1387,218,1041,1238,1322,1431,1524,1761
Americas,2020-10-28,,estimate,1624,1637,255,1232,1463,1565,1687,1801,2084
Americas,2020-10-29,,estimate,2790,2822,447,2141,2510,2684,2901,3110,3592
Americas,2020-10-30,,estimate,3061,3087,481,2335,2745,2944,3188,3394,3927
Americas,2020-10-31,,estimate,3150,3172,486,2410,2830,3025,3273,3483,4020
Americas,2020-11-01,,estimate,2641,2667,414,2035,2384,2546,2738,2915,3383
Americas,2020-11-02,,estimate,2287,2305,349,1764,2058,2195,2377,2528,2917
Americas,2020-11-03,,estimate,1420,1432,224,1090,1275,1363,1474,1573,1822
Americas,2020-11-04,,estimate,1686,1698,269,1287,1506,1613,1755,1869,2156
Americas,2020-11-05,,estimate,2927,2948,460,2237,2624,2812,3034,3239,3763
Americas,2020-11-06,,estimate,3222,3244,505,2457,2894,3093,3343,3568,4136
Americas,2020-11-07,,estimate,3320,3357,519,2567,2987,3189,3458,3702,4254
Americas,2020-11-08,,estimate,2800,2819,448,2135,2504,2686,2906,3107,3584
Americas,2020-11-09,,estimate,2422,2449,376,1881,2189,2330,2518,2689,3093
Americas,2020-11-10,,estimate,1523,1536,243,1160,1366,1470,1583,1686,1947
Americas,2020-11-11,,estimate,1813,1828,279,1393,1636,1745,1885,2011,2303
Americas,2020-11-12,,estimate,3169,3193,487,2437,2843,3046,3301,3505,4028
Americas,2020-11-13,,estimate,3492,3518,539,2685,3139,3351,3631,3869,4458
Americas,2020-11-14,,estimate,3630,3674,569,2799,3285,3498,3779,4041,4663
Americas,2020-11-15,,estimate,3039,3080,480,2341,2741,2932,3164,3388,3929
Americas,2020-11-16,,estimate,2663,2682,418,2027,2389,2558,2766,2952,3408
Americas,2020-11-17,,estimate,1671,1685,261,1288,1498,1606,1738,1850,2137
Americas,2020-11-18,,estimate,1998,2019,315,1541,1805,1922,2076,2213,2569
Americas,2020-11-19,,estimate,3482,3518,537,2700,3145,3348,3639,3863,4441
Americas,2020-11-20,,estimate,3880,3919,594,3005,3502,3733,4041,4298,4951
Americas,2020-11-21,,estimate,3999,4045,632,3078,3617,3858,4165,4452,5155
Americas,2020-11-22,,estimate,3402,3429,528,2616,3061,3265,3533,3771,4350
Americas,2020-11-23,,estimate,2960,2992,457,2287,2676,2849,3079,3289,3774
Americas,2020-11-24,,estimate,1862,1880,289,1436,1686,1789,1936,2068,2387
Americas,2020-11-25,,estimate,2239,2253,350,1714,2010,2154,2323,2469,2880
Americas,2020-11-26,,estimate,3913,3940,614,2974,3513,3752,4073,4338,4987
Americas,2020-11-27,,estimate,4310,4352,674,3322,3884,4146,4477,4782,5510
Americas,2020-11-28,,estimate,4471,4522,705,3441,4034,4306,4650,4971,5742
Americas,2020-11-29,,estimate,3820,3850,584,2956,3432,3675,3968,4213,4850
Americas,2020-11-30,,estimate,3310,3347,521,2551,2984,3182,3442,3686,4240
Americas,2020-12-01,,estimate,2094,2101,325,1588,1874,2005,2172,2315,2652
Americas,2020-12-02,,estimate,2500,2520,384,1923,2242,2402,2600,2765,3170
Americas,2020-12-03,,estimate,4385,4420,683,3364,3954,4209,4554,4847,5588
Americas,2020-12-04,,estimate,4798,4859,759,3735,4332,4610,4984,5349,6166
Americas,2020-12-05,,estimate,4997,5042,780,3830,4521,4807,5201,5541,6350
Americas,2020-12-06,,estimate,4222,4263,664,3246,3791,4051,4392,4690,5425
Americas,2020-12-07,,estimate,3710,3743,575,2848,3347,3578,3854,4107,4734
Americas,2020-12-08,,estimate,2306,2322,357,1759,2074,2223,2390,2545,2945
Americas,2020-12-09,,estimate,2750,2771,440,2101,2461,2637,2863,3049,3532
Americas,2020-12-10,,estimate,4810,4845,733,3715,4331,4625,4988,5316,6097
Americas,2020-12-11,,estimate,5270,5321,828,4072,4743,5055,5489,5838,6780
Americas,2020-12-12,,estimate,5478,5527,844,4208,4958,5279,5686,6038,7030
Americas,2020-12-13,,estimate,4572,4625,721,3517,4149,4406,4768,5066,5880
Americas,2020-12-14,,estimate,3989,4025,624,3055,3594,3839,4153,4418,5098
Americas,2020-12-15,,estimate,2476,2500,390,1898,2227,2375,2575,2750,3174
Americas,2020-12-16,,estimate,2961,2979,460,2264,2661,2848,3079,3270,3762
Americas,2020-12-17,,estimate,5096,5144,778,3958,4607,4906,5290,5647,6511
Americas,2020-12-18,,estimate,5588,5640,857,4312,5058,5385,5790,6174,7103
Americas,2020-12-19,,estimate,5738,5792,869,4446,5188,5533,5954,6356,7301
Americas,2020-12-20,,estimate,4840,4874,749,3709,4357,4665,5023,5353,6130
Americas,2020-12-21,,estimate,4175,4219,646,3209,3778,4025,4342,4634,5346
Americas,2020-12-22,,estimate,2596,2616,405,1995,2329,2493,2699,2878,3309
Americas,2020-12-23,,estimate,3070,3094,476,2378,2762,2954,3184,3393,3918
Americas,2020-12-24,,estimate,5333,5378,835,4088,4791,5144,5535,5919,6833
Americas,2020-12-25,,estimate,5826,5879,908,4486,5240,5578,6078,6471,7433
Americas,2020-12-26,,estimate,6016,6043,945,4575,5380,5770,6236,6626,7634
Americas,2020-12-27,,estimate,5000,5055,788,3860,4508,4813,5197,5553,6407
Americas,2020-12-28,,estimate,4348,4385,687,3313,3903,4179,4532,4810,5574
Americas,2020-12-29,,estimate,2711,2738,428,2080,2444,2613,2816,3007,3476
Americas,2020-12-30,,estimate,3231,3260,508,2474,2910,3107,3360,3576,4152
Americas,2020-12-31,,estimate based on partial data,5620,5678,902,4317,5058,5398,5841,6242,7253
Americas,2021-01-01,,estimate based on partial data,6208,6268,974,4745,5587,5963,6458,6885,7943
Americas,2021-01-02,,estimate based on partial data,6437,6486,1001,4941,5780,6184,6708,7127,8234
Americas,2021-01-03,,estimate based on partial data,5419,5466,867,4147,4850,5200,5639,6005,6935
Americas,2021-01-04,,estimate based on partial data,4714,4762,743,3628,4249,4525,4902,5232,6037
Americas,2021-01-05,,estimate based on partial data,2948,2978,469,2235,2657,2841,3075,3279,3781
Americas,2021-01-06,,estimate based on partial data,3549,3578,555,2725,3197,3418,3679,3923,4537
Americas,2021-01-07,,estimate based on partial data,6213,6250,959,4761,5581,5969,6434,6863,7911
Americas,2021-01-08,,estimate based on partial data,6882,6920,1074,5263,6147,6587,7153,7601,8760
Americas,2021-01-09,,estimate based on partial data,7089,7154,1112,5420,6401,6816,7359,7845,9077
Americas,2021-01-10,,estimate based on partial data,6060,6114,944,4673,5447,5827,6305,6719,7753
Americas,2021-01-11,,estimate based on partial data,5294,5337,849,4027,4744,5084,5493,5852,6809
Americas,2021-01-12,,estimate based on partial data,3336,3377,525,2568,3018,3212,3471,3699,4313
Americas,2021-01-13,,estimate based on partial data,4040,4082,637,3114,3641,3886,4201,4490,5200
Americas,2021-01-14,,estimate based on partial data,7133,7180,1127,5443,6404,6840,7411,7886,9157
Americas,2021-01-15,,estimate based on partial data,7900,7987,1293,6006,7089,7577,8232,8820,10198
Americas,2021-01-16,,estimate based on partial data,8223,8337,1371,6219,7402,7913,8594,9207,10709
Americas,2021-01-17,,estimate based on partial data,7014,7087,1187,5313,6262,6715,7296,7811,9138
Americas,2021-01-18,,forecast,6192,6269,1099,4621,5503,5926,6479,6958,8146
Americas,2021-01-19,,forecast,3895,3948,711,2904,3448,3722,4076,4382,5231
Americas,2021-01-20,,forecast,4723,4796,866,3504,4200,4522,4936,5329,6334
Americas,2021-01-21,,forecast,8302,8452,1639,6018,7315,7918,8714,9446,11321
Americas,2021-01-22,,forecast,9195,9404,1947,6609,8058,8752,9691,10533,12865
Americas,2021-01-23,,forecast,9670,9874,2116,6813,8407,9186,10191,11126,13650
Americas,2021-01-24,,forecast,8241,8462,1986,5659,7084,7802,8718,9505,11926
Americas,2021-01-25,,forecast,7253,7470,1842,4927,6219,6826,7672,8456,10790
Americas,2021-01-26,,forecast,4571,4746,1274,3041,3881,4304,4864,5397,7019
Americas,2021-01-27,,forecast,5514,5765,1672,3551,4646,5168,5898,6582,8724
Americas,2021-01-28,,forecast,9678,10246,3191,6261,8130,9072,10406,11798,15962
Americas,2021-01-29,,forecast,10810,11467,3839,6673,8884,10040,11705,13275,18258
Americas,2021-01-30,,forecast,11301,12058,4300,6756,9308,10503,12215,13888,19626
Americas,2021-01-31,,forecast,9607,10339,3887,5655,7836,8870,10448,12041,17227
Asia,2020-09-27,,estimate,1681,1685,129,1478,1596,1648,1717,1772,1902
Asia,2020-09-28,,estimate,1601,1606,123,1408,1522,1570,1633,1687,1817
Asia,2020-09-29,,estimate,1617,1618,120,1428,1532,1585,1645,1697,1822
Asia,2020-09-30,,estimate,1766,1767,130,1554,1677,1734,1800,1855,1986
Asia,2020-10-01,,estimate,1807,1810,130,1603,1720,1775,1841,1894,2031
Asia,2020-10-02,,estimate,1774,1777,132,1572,1684,1738,1807,1864,2002
Asia,2020-10-03,,estimate,1720,1724,124,1522,1640,1691,1751,1803,1932
Asia,2020-10-04,,estimate,1747,1748,125,1548,1660,1715,1776,1830,1954
Asia,2020-10-05,,estimate,1613,1617,119,1426,1535,1586,1644,1693,1819
Asia,2020-10-06,,estimate,1599,1601,116,1416,1520,1570,1628,1676,1794
Asia,2020-10-07,,estimate,1726,1727,125,1522,1644,1695,1757,1809,1931
Asia,2020-10-08,,estimate,1752,1755,128,1550,1668,1720,1784,1836,1974
Asia,2020-10-09,,estimate,1712,1716,125,1519,1631,1681,1743,1797,1923
Asia,2020-10-10,,estimate,1652,1657,120,1465,1573,1619,1686,1736,1859
Asia,2020-10-11,,estimate,1671,1676,118,1489,1595,1641,1702,1752,1882
Asia,2020-10-12,,estimate,1540,1545,114,1369,1468,1512,1569,1618,1738
Asia,2020-10-13,,estimate,1520,1522,111,1344,1447,1492,1549,1593,1712
Asia,2020-10-14,,estimate,1628,1632,117,1449,1551,1600,1656,1709,1829
Asia,2020-10-15,,estimate,1648,1650,119,1458,1567,1616,1678,1731,1851
Asia,2020-10-16,,estimate,1596,1601,114,1417,1526,1569,1626,1676,1791
Asia,2020-10-17,,estimate,1539,1541,109,1365,1465,1510,1567,1613,1723
Asia,2020-10-18,,estimate,1546,1549,114,1369,1472,1517,1574,1624,1742
Asia,2020-10-19,,estimate,1431,1435,103,1270,1363,1406,1458,1502,1610
Asia,2020-10-20,,estimate,1414,1415,103,1249,1342,1387,1439,1485,1590
Asia,2020-10-21,,estimate,1520,1524,111,1344,1448,1491,1548,1597,1713
Asia,2020-10-22,,estimate,1548,1551,110,1373,1476,1521,1576,1623,1736
Asia,2020-10-23,,estimate,1511,1514,110,1338,1440,1486,1539,1586,1698
Asia,2020-10-24,,estimate,1467,1469,107,1297,1394,1440,1495,1540,1648
Asia,2020-10-25,,estimate,1488,1491,108,1317,1417,1461,1515,1560,1677
Asia,2020-10-26,,estimate,1389,1391,99,1234,1321,1365,1416,1458,1561
Asia,2020-10-27,,estimate,1380,1384,101,1223,1313,1354,1406,1450,1553
Asia,2020-10-28,,estimate,1498,1500,110,1325,1424,1469,1526,1573,1683
Asia,2020-10-29,,estimate,1536,1540,111,1365,1464,1510,1566,1611,1729
Asia,2020-10-30,,estimate,1512,1516,110,1339,1438,1485,1540,1588,1703
Asia,2020-10-31,,estimate,1475,1478,110,1306,1403,1449,1503,1549,1657
Asia,2020-11-01,,estimate,1504,1508,110,1334,1434,1476,1533,1580,1692
Asia,2020-11-02,,estimate,1412,1411,100,1248,1344,1385,1436,1477,1579
Asia,2020-11-03,,estimate,1409,1413,102,1252,1345,1384,1435,1478,1584
Asia,2020-11-04,,estimate,1539,1540,111,1358,1466,1510,1568,1614,1721
Asia,2020-11-05,,estimate,1581,1584,116,1398,1506,1552,1610,1658,1782
Asia,2020-11-06,,estimate,1563,1567,112,1388,1490,1535,1593,1642,1757
Asia,2020-11-07,,estimate,1536,1537,111,1357,1460,1508,1564,1611,1719
Asia,2020-11-08,,estimate,1566,1571,115,1391,1494,1540,1596,1644,1767
Asia,2020-11-09,,estimate,1475,1475,106,1306,1403,1446,1500,1543,1649
Asia,2020-11-10,,estimate,1479,1483,107,1316,1411,1454,1507,1553,1667
Asia,2020-11-11,,estimate,1617,1620,115,1439,1542,1589,1645,1694,1814
Asia,2020-11-12,,estimate,1663,1665,119,1476,1588,1632,1692,1740,1867
Asia,2020-11-13,,estimate,1646,1649,119,1458,1566,1616,1675,1725,1853
Asia,2020-11-14,,estimate,1614,1615,114,1434,1539,1584,1642,1689,1812
Asia,2020-11-15,,estimate,1654,1655,118,1470,1575,1622,1683,1735,1852
Asia,2020-11-16,,estimate,1549,1551,113,1368,1473,1521,1577,1626,1738
Asia,2020-11-17,,estimate,1548,1552,112,1374,1473,1521,1577,1626,1742
Asia,2020-11-18,,estimate,1690,1693,121,1497,1612,1660,1720,1773,1893
Asia,2020-11-19,,estimate,1734,1738,124,1540,1653,1704,1766,1821,1949
Asia,2020-11-20,,estimate,1714,1717,124,1520,1633,1682,1745,1799,1922
Asia,2020-11-21,,estimate,1675,1677,119,1488,1595,1645,1705,1757,1873
Asia,2020-11-22,,estimate,1707,1711,122,1515,1624,1675,1739,1793,1915
Asia,2020-11-23,,estimate,1599,1601,114,1419,1524,1570,1626,1677,1791
Asia,2020-11-24,,estimate,1591,1595,116,1410,1516,1563,1620,1669,1788
Asia,2020-11-25,,estimate,1728,1730,124,1532,1648,1697,1759,1809,1935
Asia,2020-11-26,,estimate,1767,1769,124,1568,1686,1735,1797,1850,1978
Asia,2020-11-27,,estimate,1736,1738,125,1544,1654,1705,1767,1819,1951
Asia,2020-11-28,,estimate,1682,1687,120,1499,1604,1652,1713,1767,1890
Asia,2020-11-29,,estimate,1713,1715,121,1520,1634,1683,1744,1792,1916
Asia,2020-11-30,,estimate,1590,1595,114,1416,1516,1562,1618,1671,1788
Asia,2020-12-01,,estimate,1576,1578,114,1394,1501,1548,1604,1652,1772
Asia,2020-12-02,,estimate,1703,1706,123,1513,1620,1672,1735,1788,1910
Asia,2020-12-03,,estimate,1735,1735,125,1529,1649,1703,1766,1817,1938
Asia,2020-12-04,,estimate,1693,1693,124,1490,1609,1662,1724,1777,1894
Asia,2020-12-05,,estimate,1632,1634,116,1451,1555,1601,1662,1712,1837
Asia,2020-12-06,,estimate,1653,1656,120,1461,1577,1622,1685,1734,1859
Asia,2020-12-07,,estimate,1530,1533,113,1355,1456,1501,1560,1608,1719
Asia,2020-12-08,,estimate,1509,1512,111,1334,1433,1479,1538,1587,1700
Asia,2020-12-09,,estimate,1625,1628,116,1439,1549,1597,1654,1702,1825
Asia,2020-12-10,,estimate,1647,1649,117,1458,1570,1617,1674,1726,1850
Asia,2020-12-11,,estimate,1605,1605,114,1424,1526,1574,1632,1682,1796
Asia,2020-12-12,,estimate,1545,1547,111,1371,1473,1518,1573,1617,1738
Asia,2020-12-13,,estimate,1559,1562,111,1388,1485,1531,1587,1636,1747
Asia,2020-12-14,,estimate,1437,1440,104,1273,1368,1410,1465,1509,1614
Asia,2020-12-15,,estimate,1416,1420,103,1255,1352,1392,1442,1483,1593
Asia,2020-12-16,,estimate,1519,1521,110,1345,1443,1490,1548,1593,1706
Asia,2020-12-17,,estimate,1544,1544,111,1365,1467,1516,1571,1617,1728
Asia,2020-12-18,,estimate,1495,1498,107,1326,1423,1468,1523,1572,1680
Asia,2020-12-19,,estimate,1442,1442,105,1274,1369,1414,1466,1512,1615
Asia,2020-12-20,,estimate,1448,1450,106,1281,1381,1422,1473,1516,1632
Asia,2020-12-21,,estimate,1338,1341,97,1188,1275,1313,1363,1407,1500
Asia,2020-12-22,,estimate,1314,1315,96,1164,1248,1290,1339,1378,1481
Asia,2020-12-23,,estimate,1408,1411,102,1247,1342,1383,1434,1477,1583
Asia,2020-12-24,,estimate,1424,1425,103,1260,1357,1399,1449,1492,1593
Asia,2020-12-25,,estimate,1381,1384,100,1219,1316,1358,1406,1448,1555
Asia,2020-12-26,,estimate,1328,1331,95,1179,1265,1304,1351,1393,1496
Asia,2020-12-27,,estimate,1332,1336,99,1182,1268,1308,1358,1401,1500
Asia,2020-12-28,,estimate,1231,1231,89,1089,1170,1208,1252,1290,1382
Asia,2020-12-29,,estimate,1211,1213,88,1075,1154,1190,1234,1270,1361
Asia,2020-12-30,,estimate,1297,1301,94,1152,1238,1276,1322,1361,1460
Asia,2020-12-31,,estimate based on partial data,1312,1313,96,1158,1247,1286,1338,1377,1473
Asia,2021-01-01,,estimate based on partial data,1273,1276,93,1129,1213,1250,1296,1337,1435
Asia,2021-01-02,,estimate based on partial data,1227,1230,91,1087,1168,1204,1249,1287,1385
Asia,2021-01-03,,estimate based on partial data,1235,1238,91,1089,1177,1212,1257,1297,1393
Asia,2021-01-04,,estimate based on partial data,1139,1140,85,1007,1081,1119,1160,1196,1279
Asia,2021-01-05,,estimate based on partial data,1123,1125,85,988,1067,1103,1145,1180,1270
Asia,2021-01-06,,estimate based on partial data,1208,1209,89,1063,1148,1184,1231,1267,1359
Asia,2021-01-07,,estimate based on partial data,1221,1223,90,1080,1160,1197,1245,1281,1376
Asia,2021-01-08,,estimate based on partial data,1191,1194,88,1054,1135,1170,1213,1251,1341
Asia,2021-01-09,,estimate based on partial data,1149,1150,84,1016,1092,1128,1172,1206,1291
Asia,2021-01-10,,estimate based on partial data,1161,1164,87,1026,1104,1139,1182,1220,1313
Asia,2021-01-11,,estimate based on partial data,1078,1081,80,955,1026,1059,1097,1133,1214
Asia,2021-01-12,,estimate based on partial data,1068,1068,81,937,1014,1048,1086,1121,1204
Asia,2021-01-13,,estimate based on partial data,1148,1152,87,1015,1091,1126,1171,1209,1300
Asia,2021-01-14,,estimate based on partial data,1172,1174,89,1027,1113,1151,1195,1235,1324
Asia,2021-01-15,,estimate based on partial data,1147,1148,87,1007,1088,1124,1168,1204,1292
Asia,2021-01-16,,estimate based on partial data,1114,1115,88,975,1055,1092,1136,1176,1260
Asia,2021-01-17,,estimate based on partial data,1130,1131,89,987,1069,1106,1151,1190,1280
Asia,2021-01-18,,forecast,1051,1056,91,912,994,1027,1075,1115,1209
Asia,2021-01-19,,forecast,1041,1045,93,898,981,1017,1064,1105,1200
Asia,2021-01-20,,forecast,1133,1137,106,974,1062,1106,1161,1203,1315
Asia,2021-01-21,,forecast,1151,1160,117,981,1081,1125,1181,1229,1359
Asia,2021-01-22,,forecast,1132,1140,122,958,1056,1104,1160,1213,1345
Asia,2021-01-23,,forecast,1102,1113,127,930,1027,1072,1133,1190,1334
Asia,2021-01-24,,forecast,1118,1134,142,936,1039,1087,1153,1212,1386
Asia,2021-01-25,,forecast,1045,1061,143,861,962,1011,1079,1136,1313
Asia,2021-01-26,,forecast,1038,1062,160,845,957,1006,1074,1144,1347
Asia,2021-01-27,,forecast,1130,1155,190,901,1029,1089,1170,1245,1495
Asia,2021-01-28,,forecast,1156,1185,211,913,1045,1111,1204,1285,1543
Asia,2021-01-29,,forecast,1139,1171,225,891,1024,1094,1186,1276,1562
Asia,2021-01-30,,forecast,1104,1147,247,852,990,1061,1154,1252,1567
Asia,2021-01-31,,forecast,1128,1175,271,855,1004,1077,1185,1287,1644
Europe,2020-09-27,,estimate,510,513,59,423,473,495,525,551,613
Europe,2020-09-28,,estimate,422,424,49,348,391,410,435,455,507
Europe,2020-09-29,,estimate,597,599,65,495,554,581,613,640,708
Europe,2020-09-30,,estimate,826,829,88,690,768,804,847,886,979
Europe,2020-10-01,,estimate,761,764,79,637,709,740,781,816,898
Europe,2020-10-02,,estimate,743,746,78,622,692,723,764,800,878
Europe,2020-10-03,,estimate,780,784,82,655,728,760,802,837,922
Europe,2020-10-04,,estimate,627,631,65,528,586,612,644,673,740
Europe,2020-10-05,,estimate,512,514,57,423,476,499,527,551,610
Europe,2020-10-06,,estimate,725,727,77,606,676,705,745,777,857
Europe,2020-10-07,,estimate,1006,1008,105,841,937,980,1030,1074,1188
Europe,2020-10-08,,estimate,939,941,95,792,874,916,964,1002,1100
Europe,2020-10-09,,estimate,929,931,98,776,863,905,951,995,1099
Europe,2020-10-10,,estimate,990,995,103,834,925,965,1016,1059,1176
Europe,2020-10-11,,estimate,812,814,84,681,757,792,833,867,955
Europe,2020-10-12,,estimate,673,675,70,565,628,656,690,720,797
Europe,2020-10-13,,estimate,963,965,100,804,897,938,990,1031,1132
Europe,2020-10-14,,estimate,1348,1354,136,1140,1260,1315,1382,1441,1589
Europe,2020-10-15,,estimate,1274,1279,129,1071,1189,1244,1308,1361,1499
Europe,2020-10-16,,estimate,1273,1276,133,1066,1184,1240,1304,1362,1504
Europe,2020-10-17,,estimate,1370,1373,142,1146,1273,1332,1405,1465,1613
Europe,2020-10-18,,estimate,1129,1134,114,958,1055,1101,1159,1206,1325
Europe,2020-10-19,,estimate,947,951,96,798,886,924,974,1014,1118
Europe,2020-10-20,,estimate,1369,1374,139,1151,1279,1334,1402,1464,1614
Europe,2020-10-21,,estimate,1940,1945,196,1636,1811,1889,1986,2073,2282
Europe,2020-10-22,,estimate,1840,1844,182,1555,1719,1794,1889,1963,2149
Europe,2020-10-23,,estimate,1851,1861,186,1562,1738,1809,1900,1980,2169
Europe,2020-10-24,,estimate,2007,2012,202,1689,1874,1957,2056,2142,2354
Europe,2020-10-25,,estimate,1665,1670,166,1404,1555,1623,1709,1781,1949
Europe,2020-10-26,,estimate,1396,1400,140,1177,1304,1360,1434,1489,1641
Europe,2020-10-27,,estimate,2014,2024,201,1705,1884,1969,2067,2155,2360
Europe,2020-10-28,,estimate,2862,2870,282,2420,2678,2796,2930,3049,3354
Europe,2020-10-29,,estimate,2712,2720,270,2291,2535,2640,2777,2895,3176
Europe,2020-10-30,,estimate,2723,2728,265,2311,2544,2657,2789,2902,3179
Europe,2020-10-31,,estimate,2929,2942,288,2484,2744,2855,3003,3129,3439
Europe,2020-11-01,,estimate,2405,2417,238,2048,2251,2344,2472,2569,2826
Europe,2020-11-02,,estimate,2002,2010,200,1684,1873,1955,2054,2138,2348
Europe,2020-11-03,,estimate,2862,2876,289,2410,2682,2790,2938,3067,3373
Europe,2020-11-04,,estimate,4004,4015,392,3385,3741,3906,4106,4273,4691
Europe,2020-11-05,,estimate,3754,3759,367,3180,3506,3658,3844,3996,4375
Europe,2020-11-06,,estimate,3712,3723,366,3143,3477,3626,3797,3963,4334
Europe,2020-11-07,,estimate,3938,3950,393,3335,3682,3836,4031,4202,4613
Europe,2020-11-08,,estimate,3186,3193,319,2689,2974,3104,3271,3397,3730
Europe,2020-11-09,,estimate,2603,2614,258,2194,2439,2543,2669,2782,3052
Europe,2020-11-10,,estimate,3666,3677,361,3113,3428,3577,3758,3910,4288
Europe,2020-11-11,,estimate,5058,5083,499,4285,4743,4938,5191,5410,5948
Europe,2020-11-12,,estimate,4658,4672,464,3936,4347,4541,4777,4980,5445
Europe,2020-11-13,,estimate,4544,4558,454,3840,4246,4437,4657,4841,5344
Europe,2020-11-14,,estimate,4747,4761,463,4023,4443,4630,4865,5059,5523
Europe,2020-11-15,,estimate,3789,3802,368,3217,3552,3700,3888,4050,4416
Europe,2020-11-16,,estimate,3072,3078,301,2592,2877,3000,3150,3265,3596
Europe,2020-11-17,,estimate,4238,4253,417,3579,3965,4138,4340,4531,4958
Europe,2020-11-18,,estimate,5756,5780,571,4870,5380,5631,5905,6152,6764
Europe,2020-11-19,,estimate,5252,5261,515,4441,4902,5122,5389,5595,6131
Europe,2020-11-20,,estimate,5060,5068,500,4275,4730,4941,5178,5392,5900
Europe,2020-11-21,,estimate,5244,5245,513,4427,4902,5103,5362,5575,6119
Europe,2020-11-22,,estimate,4121,4144,411,3479,3871,4031,4227,4409,4834
Europe,2020-11-23,,estimate,3295,3305,324,2787,3084,3217,3376,3521,3849
Europe,2020-11-24,,estimate,4526,4544,447,3831,4242,4421,4641,4835,5302
Europe,2020-11-25,,estimate,6114,6130,593,5196,5714,5958,6266,6515,7139
Europe,2020-11-26,,estimate,5530,5542,547,4673,5166,5390,5659,5900,6460
Europe,2020-11-27,,estimate,5229,5260,523,4443,4897,5109,5367,5610,6145
Europe,2020-11-28,,estimate,5393,5418,539,4586,5041,5266,5533,5760,6356
Europe,2020-11-29,,estimate,4228,4247,409,3618,3964,4130,4334,4504,4951
Europe,2020-11-30,,estimate,3360,3374,335,2838,3146,3281,3448,3592,3939
Europe,2020-12-01,,estimate,4596,4623,452,3927,4309,4492,4709,4915,5382
Europe,2020-12-02,,estimate,6182,6200,610,5245,5789,6030,6325,6604,7222
Europe,2020-12-03,,estimate,5532,5561,541,4724,5193,5401,5673,5908,6491
Europe,2020-12-04,,estimate,5278,5304,522,4481,4951,5145,5410,5640,6195
Europe,2020-12-05,,estimate,5400,5419,531,4591,5048,5261,5533,5757,6336
Europe,2020-12-06,,estimate,4211,4225,409,3582,3937,4108,4312,4493,4919
Europe,2020-12-07,,estimate,3326,3344,337,2813,3109,3249,3412,3567,3922
Europe,2020-12-08,,estimate,4552,4563,446,3858,4265,4442,4666,4851,5311
Europe,2020-12-09,,estimate,6086,6110,590,5180,5704,5937,6238,6505,7109
Europe,2020-12-10,,estimate,5442,5458,524,4628,5098,5317,5575,5791,6331
Europe,2020-12-11,,estimate,5165,5176,502,4381,4838,5033,5287,5500,6011
Europe,2020-12-12,,estimate,5271,5287,513,4480,4937,5150,5406,5614,6150
Europe,2020-12-13,,estimate,4124,4135,401,3489,3861,4026,4225,4409,4793
Europe,2020-12-14,,estimate,3247,3259,319,2767,3041,3171,3329,3468,3793
Europe,2020-12-15,,estimate,4425,4434,431,3743,4134,4312,4543,4715,5166
Europe,2020-12-16,,estimate,5887,5903,591,4950,5504,5740,6031,6288,6912
Europe,2020-12-17,,estimate,5262,5277,509,4471,4929,5129,5388,5601,6153
Europe,2020-12-18,,estimate,4992,5006,489,4236,4670,4868,5119,5326,5847
Europe,2020-12-19,,estimate,5090,5101,493,4320,4750,4966,5211,5420,5941
Europe,2020-12-20,,estimate,3951,3971,390,3361,3695,3848,4057,4237,4631
Europe,2020-12-21,,estimate,3122,3138,314,2630,2926,3048,3210,3344,3677
Europe,2020-12-22,,estimate,4263,4265,414,3589,3984,4147,4365,4541,4952
Europe,2020-12-23,,estimate,5688,5708,561,4826,5316,5545,5820,6070,6673
Europe,2020-12-24,,estimate,5099,5111,493,4335,4770,4972,5220,5428,5966
Europe,2020-12-25,,estimate,4820,4840,477,4091,4514,4697,4931,5155,5647
Europe,2020-12-26,,estimate,4941,4950,485,4167,4620,4818,5063,5270,5761
Europe,2020-12-27,,estimate,3863,3874,378,3273,3609,3766,3959,4123,4516
Europe,2020-12-28,,estimate,3061,3077,304,2597,2870,2988,3147,3277,3592
Europe,2020-12-29,,estimate,4189,4206,417,3557,3924,4091,4299,4478,4906
Europe,2020-12-30,,estimate,5636,5654,551,4776,5283,5502,5765,6012,6574
Europe,2020-12-31,,estimate based on partial data,5062,5083,506,4286,4745,4944,5181,5401,5938
Europe,2021-01-01,,estimate based on partial data,4847,4863,476,4122,4526,4731,4959,5165,5679
Europe,2021-01-02,,estimate based on partial data,4980,4996,502,4203,4652,4858,5105,5309,5866
Europe,2021-01-03,,estimate based on partial data,3914,3934,391,3312,3672,3822,4011,4188,4608
Europe,2021-01-04,,estimate based on partial data,3130,3140,316,2649,2923,3048,3206,3337,3683
Europe,2021-01-05,,estimate based on partial data,4319,4326,433,3638,4027,4208,4425,4603,5063
Europe,2021-01-06,,estimate based on partial data,5830,5854,591,4919,5444,5668,5984,6237,6863
Europe,2021-01-07,,estimate based on partial data,5274,5298,517,4487,4942,5148,5408,5633,6180
Europe,2021-01-08,,estimate based on partial data,5099,5107,503,4305,4757,4968,5219,5426,5951
Europe,2021-01-09,,estimate based on partial data,5256,5281,527,4454,4915,5132,5395,5626,6179
Europe,2021-01-10,,estimate based on partial data,4158,4172,416,3522,3883,4053,4260,4432,4870
Europe,2021-01-11,,estimate based on partial data,3346,3353,336,2827,3118,3257,3425,3565,3928
Europe,2021-01-12,,estimate based on partial data,4622,4644,470,3901,4318,4511,4743,4946,5438
Europe,2021-01-13,,estimate based on partial data,6284,6304,632,5294,5880,6117,6440,6710,7387
Europe,2021-01-14,,estimate based on partial data,5698,5719,563,4861,5328,5561,5835,6076,6715
Europe,2021-01-15,,estimate based on partial data,5507,5526,568,4621,5143,5361,5648,5897,6479
Europe,2021-01-16,,estimate based on partial data,5695,5724,591,4799,5309,5555,5853,6115,6745
Europe,2021-01-17,,estimate based on partial data,4534,4548,478,3787,4229,4425,4658,4860,5348
Europe,2021-01-18,,forecast,3632,3652,410,3024,3373,3529,3734,3913,4356
Europe,2021-01-19,,forecast,5030,5061,592,4153,4665,4879,5175,5438,6063
Europe,2021-01-20,,forecast,6818,6863,860,5538,6255,6600,7032,7407,8344
Europe,2021-01-21,,forecast,6207,6268,842,4991,5678,6008,6431,6795,7774
Europe,2021-01-22,,forecast,5984,6039,863,4717,5433,5777,6200,6580,7540
Europe,2021-01-23,,forecast,6184,6276,986,4815,5592,5962,6436,6872,8024
Europe,2021-01-24,,forecast,4939,4987,845,3743,4390,4724,5131,5481,6484
Europe,2021-01-25,,forecast,3969,4026,742,2930,3526,3798,4136,4465,5328
Europe,2021-01-26,,forecast,5444,5586,1140,3946,4780,5189,5762,6262,7583
Europe,2021-01-27,,forecast,7439,7625,1707,5228,6473,7056,7831,8577,10680
Europe,2021-01-28,,forecast,6722,6931,1676,4622,5767,6329,7120,7888,9865
Europe,2021-01-29,,forecast,6508,6724,1755,4310,5524,6113,6921,7652,9989
Europe,2021-01-30,,forecast,6744,7015,1991,4346,5648,6306,7211,8082,10632
Europe,2021-01-31,,forecast,5361,5595,1710,3288,4402,4978,5779,6502,8659
Global,2020-09-27,,estimate,5034,5041,533,4187,4663,4897,5168,5396,5948
Global,2020-09-28,,estimate,4407,4426,462,3709,4113,4294,4522,4715,5222
Global,2020-09-29,,estimate,4232,4249,437,3565,3950,4136,4339,4519,5011
Global,2020-09-30,,estimate,5277,5297,558,4405,4926,5139,5414,5667,6233
Global,2020-10-01,,estimate,6150,6171,624,5180,5742,5999,6306,6574,7224
Global,2020-10-02,,estimate,6278,6310,640,5312,5879,6118,6429,6718,7393
Global,2020-10-03,,estimate,6426,6451,644,5436,6005,6277,6598,6866,7531
Global,2020-10-04,,estimate,5366,5392,532,4545,5034,5230,5505,5736,6301
Global,2020-10-05,,estimate,4601,4624,464,3902,4303,4489,4724,4927,5409
Global,2020-10-06,,estimate,4341,4355,442,3646,4059,4228,4457,4647,5087
Global,2020-10-07,,estimate,5340,5372,545,4504,5005,5211,5480,5733,6288
Global,2020-10-08,,estimate,6220,6232,629,5248,5790,6061,6378,6626,7309
Global,2020-10-09,,estimate,6336,6354,640,5349,5911,6166,6505,6756,7433
Global,2020-10-10,,estimate,6472,6485,652,5454,6043,6310,6616,6910,7585
Global,2020-10-11,,estimate,5408,5428,549,4569,5052,5261,5541,5788,6355
Global,2020-10-12,,estimate,4638,4657,463,3925,4346,4524,4750,4948,5467
Global,2020-10-13,,estimate,4367,4376,440,3681,4075,4258,4471,4657,5119
Global,2020-10-14,,estimate,5384,5406,543,4563,5023,5242,5534,5766,6317
Global,2020-10-15,,estimate,6218,6236,637,5241,5782,6059,6380,6661,7312
Global,2020-10-16,,estimate,6350,6364,637,5364,5918,6183,6521,6782,7426
Global,2020-10-17,,estimate,6514,6539,643,5511,6101,6362,6680,6945,7653
Global,2020-10-18,,estimate,5471,5485,537,4639,5112,5342,5617,5832,6373
Global,2020-10-19,,estimate,4698,4717,471,3968,4393,4579,4817,5034,5510
Global,2020-10-20,,estimate,4454,4480,454,3768,4166,4351,4575,4780,5254
Global,2020-10-21,,estimate,5546,5573,566,4686,5188,5405,5691,5937,6547
Global,2020-10-22,,estimate,6514,6541,652,5528,6087,6346,6691,6970,7653
Global,2020-10-23,,estimate,6758,6768,682,5679,6297,6584,6941,7210,7907
Global,2020-10-24,,estimate,6998,7014,712,5902,6514,6809,7197,7489,8213
Global,2020-10-25,,estimate,5943,5954,598,5017,5537,5780,6075,6345,6969
Global,2020-10-26,,estimate,5169,5192,531,4349,4828,5040,5312,5523,6104
Global,2020-10-27,,estimate,4962,4984,503,4188,4636,4834,5092,5310,5855
Global,2020-10-28,,estimate,6242,6265,644,5248,5822,6081,6396,6676,7387
Global,2020-10-29,,estimate,7386,7406,761,6174,6888,7200,7567,7884,8703
Global,2020-10-30,,estimate,7652,7679,779,6427,7157,7462,7838,8179,9021
Global,2020-10-31,,estimate,7993,8027,816,6768,7456,7777,8203,8561,9425
Global,2020-11-01,,estimate,6838,6858,677,5783,6398,6676,6996,7289,8022
Global,2020-11-02,,estimate,5966,5992,594,5071,5582,5822,6120,6375,7023
Global,2020-11-03,,estimate,5755,5780,577,4881,5379,5613,5906,6159,6757
Global,2020-11-04,,estimate,7271,7294,740,6125,6790,7069,7455,7774,8537
Global,2020-11-05,,estimate,8556,8572,851,7190,7988,8338,8769,9137,9982
Global,2020-11-06,,estimate,8917,8928,896,7500,8305,8685,9147,9504,10427
Global,2020-11-07,,estimate,9302,9335,914,7900,8720,9074,9539,9915,10886
Global,2020-11-08,,estimate,7900,7928,787,6703,7381,7715,8087,8425,9281
Global,2020-11-09,,estimate,6892,6926,692,5843,6447,6733,7071,7389,8105
Global,2020-11-10,,estimate,6634,6656,664,5615,6201,6459,6798,7080,7783
Global,2020-11-11,,estimate,8312,8346,849,7015,7765,8109,8514,8882,9803
Global,2020-11-12,,estimate,9792,9831,985,8270,9153,9569,10047,10474,11502
Global,2020-11-13,,estimate,10133,10184,1026,8552,9471,9888,10400,10833,11953
Global,2020-11-14,,estimate,10556,10591,1045,8927,9882,10289,10821,11281,12372
Global,2020-11-15,,estimate,8910,8943,900,7530,8314,8688,9144,9528,10448
Global,2020-11-16,,estimate,7749,7766,783,6515,7211,7548,7923,8282,9140
Global,2020-11-17,,estimate,7400,7402,729,6209,6908,7220,7576,7877,8627
Global,2020-11-18,,estimate,9245,9260,930,7773,8620,9007,9481,9861,10840
Global,2020-11-19,,estimate,10803,10831,1054,9170,10100,10521,11056,11510,12628
Global,2020-11-20,,estimate,11131,11180,1119,9428,10422,10859,11405,11904,13094
Global,2020-11-21,,estimate,11518,11553,1157,9730,10736,11228,11812,12305,13525
Global,2020-11-22,,estimate,9708,9753,989,8193,9086,9461,9952,10404,11428
Global,2020-11-23,,estimate,8388,8415,828,7118,7832,8166,8600,8948,9842
Global,2020-11-24,,estimate,7962,7979,789,6742,7422,7762,8145,8468,9350
Global,2020-11-25,,estimate,9872,9905,977,8359,9230,9625,10108,10547,11602
Global,2020-11-26,,estimate,11546,11587,1167,9744,10797,11263,11843,12339,13553
Global,2020-11-27,,estimate,11822,11848,1195,9935,10988,11532,12143,12641,13864
Global,2020-11-28,,estimate,12168,12207,1238,10264,11343,11867,12476,13006,14343
Global,2020-11-29,,estimate,10223,10267,1027,8617,9576,9985,10469,10913,12028
Global,2020-11-30,,estimate,8810,8832,897,7373,8222,8598,9028,9414,10358
Global,2020-12-01,,estimate,8320,8350,840,7046,7784,8104,8527,8883,9784
Global,2020-12-02,,estimate,10336,10368,1028,8735,9678,10091,10586,11029,12137
Global,2020-12-03,,estimate,11984,12038,1210,10149,11224,11696,12276,12792,14117
Global,2020-12-04,,estimate,12292,12316,1221,10356,11489,11982,12586,13114,14367
Global,2020-12-05,,estimate,12576,12625,1271,10611,11735,12254,12920,13462,14771
Global,2020-12-06,,estimate,10570,10601,1036,8968,9882,10315,10822,11247,12367
Global,2020-12-07,,estimate,9044,9080,900,7664,8454,8832,9273,9665,10602
Global,2020-12-08,,estimate,8558,8594,863,7240,8001,8352,8781,9151,10061
Global,2020-12-09,,estimate,10588,10619,1059,8968,9877,10310,10866,11319,12455
Global,2020-12-10,,estimate,12272,12322,1220,10367,11497,11970,12575,13135,14361
Global,2020-12-11,,estimate,12504,12548,1244,10554,11717,12201,12830,13365,14685
Global,2020-12-12,,estimate,12840,12882,1291,10833,11978,12539,13172,13715,15065
Global,2020-12-13,,estimate,10684,10724,1074,9040,9998,10414,10972,11408,12591
Global,2020-12-14,,estimate,9180,9194,906,7737,8564,8953,9389,9781,10715
Global,2020-12-15,,estimate,8640,8676,861,7303,8089,8442,8858,9225,10106
Global,2020-12-16,,estimate,10632,10690,1085,8968,9916,10373,10921,11386,12578
Global,2020-12-17,,estimate,12334,12371,1207,10461,11551,12051,12634,13130,14435
Global,2020-12-18,,estimate,12522,12550,1261,10561,11694,12186,12817,13373,14650
Global,2020-12-19,,estimate,12844,12861,1278,10844,11982,12524,13171,13688,14992
Global,2020-12-20,,estimate,10695,10747,1082,9025,10009,10432,10971,11444,12622
Global,2020-12-21,,estimate,9134,9180,930,7732,8543,8919,9378,9785,10752
Global,2020-12-22,,estimate,8624,8647,845,7302,8054,8397,8843,9200,10096
Global,2020-12-23,,estimate,10636,10657,1049,8993,9929,10362,10878,11332,12450
Global,2020-12-24,,estimate,12303,12339,1228,10388,11491,11986,12606,13126,14409
Global,2020-12-25,,estimate,12517,12570,1256,10518,11698,12225,12832,13388,14755
Global,2020-12-26,,estimate,12839,12903,1290,10847,12016,12529,13157,13722,15148
Global,2020-12-27,,estimate,10747,10783,1097,9047,10035,10474,11016,11465,12631
Global,2020-12-28,,estimate,9224,9256,941,7790,8632,8995,9453,9845,10859
Global,2020-12-29,,estimate,8723,8745,871,7342,8170,8511,8938,9298,10188
Global,2020-12-30,,estimate,10803,10865,1080,9195,10121,10541,11078,11574,12729
Global,2020-12-31,,estimate based on partial data,12572,12609,1256,10599,11764,12267,12872,13424,14732
Global,2021-01-01,,estimate based on partial data,12852,12924,1302,10903,12001,12522,13222,13751,15170
Global,2021-01-02,,estimate based on partial data,13274,13314,1348,11194,12385,12936,13617,14218,15542
Global,2021-01-03,,estimate based on partial data,11180,11214,1133,9441,10439,10874,11461,11934,13164
Global,2021-01-04,,estimate based on partial data,9646,9690,957,8141,9039,9427,9895,10314,11325
Global,2021-01-05,,estimate based on partial data,9182,9229,946,7731,8574,8959,9427,9861,10829
Global,2021-01-06,,estimate based on partial data,11462,11495,1168,9634,10685,11179,11746,12279,13419
Global,2021-01-07,,estimate based on partial data,13443,13475,1336,11318,12548,13105,13791,14355,15759
Global,2021-01-08,,estimate based on partial data,13816,13861,1394,11650,12897,13463,14190,14727,16236
Global,2021-01-09,,estimate based on partial data,14392,14445,1471,12119,13438,14050,14765,15387,16954
Global,2021-01-10,,estimate based on partial data,12158,12223,1238,10308,11366,11848,12489,13006,14355
Global,2021-01-11,,estimate based on partial data,10520,10577,1052,8972,9863,10273,10772,11226,12363
Global,2021-01-12,,estimate based on partial data,10077,10120,1012,8527,9403,9839,10350,10750,11850
Global,2021-01-13,,estimate based on partial data,12650,12673,1283,10695,11792,12309,12941,13465,14878
Global,2021-01-14,,estimate based on partial data,14864,14919,1514,12575,13874,14489,15239,15906,17535
Global,2021-01-15,,estimate based on partial data,15348,15422,1623,12950,14253,14930,15752,16434,18257
Global,2021-01-16,,estimate based on partial data,15934,16027,1679,13413,14864,15505,16353,17131,18926
Global,2021-01-17,,estimate based on partial data,13534,13629,1481,11339,12588,13191,13938,14608,16185
Global,2021-01-18,,forecast,11788,11865,1342,9795,10944,11480,12127,12697,14209
Global,2021-01-19,,forecast,11309,11374,1355,9287,10446,10963,11662,12225,13724
Global,2021-01-20,,forecast,14132,14223,1746,11572,13034,13694,14558,15296,17338
Global,2021-01-21,,forecast,16639,16779,2210,13415,15262,16095,17196,18165,20551
Global,2021-01-22,,forecast,17204,17345,2397,13658,15676,16599,17777,18839,21483
Global,2021-01-23,,forecast,17952,18133,2698,14030,16259,17318,18601,19820,22836
Global,2021-01-24,,forecast,15179,15392,2487,11677,13711,14621,15781,16853,19713
Global,2021-01-25,,forecast,13172,13403,2368,9894,11804,12610,13786,14827,17493
Global,2021-01-26,,forecast,12702,12899,2459,9272,11223,12119,13291,14378,17211
Global,2021-01-27,,forecast,15890,16240,3403,11344,13960,15182,16754,18122,22185
Global,2021-01-28,,forecast,18685,19125,4353,12972,16235,17687,19589,21534,26847
Global,2021-01-29,,forecast,19337,19859,4858,13166,16631,18309,20391,22389,28394
Global,2021-01-30,,forecast,20230,20845,5494,13359,17228,19037,21439,23658,30249
Global,2021-01-31,,forecast,17138,17729,5029,10825,14452,16044,18208,20223,26590
Oceania,2020-09-27,,estimate,1,2,2,0,0,1,2,2,5
Oceania,2020-09-28,,estimate,1,1,1,0,0,0,1,1,3
Oceania,2020-09-29,,estimate,6,8,6,1,4,5,8,10,18
Oceania,2020-09-30,,estimate,3,3,3,0,1,2,3,5,9
Oceania,2020-10-01,,estimate,3,4,3,0,2,3,4,5,10
Oceania,2020-10-02,,estimate,2,3,3,0,1,2,3,4,7
Oceania,2020-10-03,,estimate,2,2,2,0,1,1,2,3,6
Oceania,2020-10-04,,estimate,1,2,2,0,0,1,2,3,5
Oceania,2020-10-05,,estimate,1,1,1,0,0,0,1,2,3
Oceania,2020-10-06,,estimate,6,8,6,1,4,5,8,11,19
Oceania,2020-10-07,,estimate,3,3,3,0,1,2,3,5,9
Oceania,2020-10-08,,estimate,3,4,3,0,2,2,4,6,10
Oceania,2020-10-09,,estimate,2,3,2,0,1,2,3,4,7
Oceania,2020-10-10,,estimate,2,2,2,0,1,1,2,3,7
Oceania,2020-10-11,,estimate,1,2,2,0,0,1,2,2,5
Oceania,2020-10-12,,estimate,1,1,1,0,0,0,1,2,3
Oceania,2020-10-13,,estimate,6,8,6,1,3,5,8,10,19
Oceania,2020-10-14,,estimate,3,3,3,0,1,2,3,5,9
Oceania,2020-10-15,,estimate,3,4,3,0,1,2,4,5,10
Oceania,2020-10-16,,estimate,2,3,2,0,1,1,3,4,7
Oceania,2020-10-17,,estimate,2,2,2,0,1,1,2,3,6
Oceania,2020-10-18,,estimate,1,2,2,0,0,1,2,2,5
Oceania,2020-10-19,,estimate,1,1,1,0,0,0,1,1,3
Oceania,2020-10-20,,estimate,6,7,5,1,3,5,7,9,17
Oceania,2020-10-21,,estimate,2,3,3,0,1,2,3,4,8
Oceania,2020-10-22,,estimate,3,3,3,0,1,2,3,5,9
Oceania,2020-10-23,,estimate,2,2,2,0,1,1,2,3,7
Oceania,2020-10-24,,estimate,1,2,2,0,1,1,2,3,6
Oceania,2020-10-25,,estimate,1,1,2,0,0,1,1,2,5
Oceania,2020-10-26,,estimate,1,1,1,0,0,0,1,1,3
Oceania,2020-10-27,,estimate,6,7,5,1,3,4,7,9,16
Oceania,2020-10-28,,estimate,2,3,3,0,1,2,3,4,8
Oceania,2020-10-29,,estimate,3,3,3,0,1,2,3,5,8
Oceania,2020-10-30,,estimate,2,2,2,0,1,1,2,3,6
Oceania,2020-10-31,,estimate,1,2,2,0,0,1,2,3,5
Oceania,2020-11-01,,estimate,1,1,2,0,0,1,1,2,4
Oceania,2020-11-02,,estimate,1,1,1,0,0,0,1,1,3
Oceania,2020-11-03,,estimate,5,6,5,1,3,4,7,9,15
Oceania,2020-11-04,,estimate,2,3,2,0,1,2,3,4,7
Oceania,2020-11-05,,estimate,2,3,3,0,1,2,3,4,8
Oceania,2020-11-06,,estimate,2,2,2,0,1,1,2,3,6
Oceania,2020-11-07,,estimate,1,2,2,0,0,1,2,3,5
Oceania,2020-11-08,,estimate,1,1,1,0,0,1,1,2,4
Oceania,2020-11-09,,estimate,1,1,1,0,0,0,1,1,3
Oceania,2020-11-10,,estimate,5,6,5,0,3,4,6,8,15
Oceania,2020-11-11,,estimate,2,3,2,0,1,2,3,4,7
Oceania,2020-11-12,,estimate,2,3,3,0,1,2,3,4,8
Oceania,2020-11-13,,estimate,2,2,2,0,1,1,2,3,6
Oceania,2020-11-14,,estimate,1,2,2,0,0,1,2,3,5
Oceania,2020-11-15,,estimate,1,1,1,0,0,1,1,2,4
Oceania,2020-11-16,,estimate,0,1,1,0,0,0,1,1,3
Oceania,2020-11-17,,estimate,5,6,5,1,3,4,6,8,15
Oceania,2020-11-18,,estimate,2,3,2,0,1,2,3,4,7
Oceania,2020-11-19,,estimate,2,3,3,0,1,2,3,4,8
Oceania,2020-11-20,,estimate,2,2,2,0,1,1,2,3,6
Oceania,2020-11-21,,estimate,1,2,2,0,0,1,2,2,5
Oceania,2020-11-22,,estimate,1,1,1,0,0,1,1,2,4
Oceania,2020-11-23,,estimate,0,1,1,0,0,0,1,1,3
Oceania,2020-11-24,,estimate,5,6,4,0,2,4,6,8,13
Oceania,2020-11-25,,estimate,2,2,2,0,1,1,2,3,7
Oceania,2020-11-26,,estimate,2,3,2,0,1,2,3,4,7
Oceania,2020-11-27,,estimate,1,2,2,0,0,1,2,3,5
Oceania,2020-11-28,,estimate,1,1,2,0,0,1,2,2,5
Oceania,2020-11-29,,estimate,1,1,1,0,0,1,1,2,4
Oceania,2020-11-30,,estimate,0,1,1,0,0,0,1,1,3
Oceania,2020-12-01,,estimate,4,5,4,0,2,3,5,7,13
Oceania,2020-12-02,,estimate,2,2,2,0,1,1,2,3,6
Oceania,2020-12-03,,estimate,2,2,2,0,1,1,3,3,7
Oceania,2020-12-04,,estimate,1,2,2,0,0,1,2,2,5
Oceania,2020-12-05,,estimate,1,1,2,0,0,1,1,2,4
Oceania,2020-12-06,,estimate,1,1,1,0,0,0,1,2,4
Oceania,2020-12-07,,estimate,0,1,1,0,0,0,1,1,2
Oceania,2020-12-08,,estimate,4,5,4,0,2,3,5,6,12
Oceania,2020-12-09,,estimate,1,2,2,0,0,1,2,3,6
Oceania,2020-12-10,,estimate,2,2,2,0,1,1,2,3,6
Oceania,2020-12-11,,estimate,1,2,2,0,0,1,2,2,5
Oceania,2020-12-12,,estimate,1,1,1,0,0,1,1,2,4
Oceania,2020-12-13,,estimate,1,1,1,0,0,0,1,1,3
Oceania,2020-12-14,,estimate,0,1,1,0,0,0,0,1,2
Oceania,2020-12-15,,estimate,3,4,4,0,2,3,4,6,11
Oceania,2020-12-16,,estimate,1,2,2,0,0,1,2,3,5
Oceania,2020-12-17,,estimate,2,2,2,0,1,1,2,3,6
Oceania,2020-12-18,,estimate,1,1,2,0,0,1,1,2,4
Oceania,2020-12-19,,estimate,1,1,1,0,0,1,1,2,4
Oceania,2020-12-20,,estimate,0,1,1,0,0,0,1,1,3
Oceania,2020-12-21,,estimate,0,1,1,0,0,0,0,1,2
Oceania,2020-12-22,,estimate,3,4,3,0,1,2,4,5,9
Oceania,2020-12-23,,estimate,1,2,2,0,0,1,2,2,5
Oceania,2020-12-24,,estimate,1,2,2,0,0,1,2,3,5
Oceania,2020-12-25,,estimate,1,1,1,0,0,1,1,2,4
Oceania,2020-12-26,,estimate,1,1,1,0,0,0,1,1,3
Oceania,2020-12-27,,estimate,0,1,1,0,0,0,1,1,3
Oceania,2020-12-28,,estimate,0,0,1,0,0,0,0,1,2
Oceania,2020-12-29,,estimate,3,3,3,0,1,2,3,4,8
Oceania,2020-12-30,,estimate,1,1,1,0,0,1,1,2,4
Oceania,2020-12-31,,estimate based on partial data,1,2,2,0,0,1,2,2,5
Oceania,2021-01-01,,estimate based on partial data,1,1,1,0,0,0,1,2,3
Oceania,2021-01-02,,estimate based on partial data,1,1,1,0,0,0,1,1,3
Oceania,2021-01-03,,estimate based on partial data,0,1,1,0,0,0,1,1,2
Oceania,2021-01-04,,estimate based on partial data,0,0,1,0,0,0,0,1,2
Oceania,2021-01-05,,estimate based on partial data,2,3,3,0,1,2,3,4,7
Oceania,2021-01-06,,estimate based on partial data,1,1,1,0,0,1,1,2,4
Oceania,2021-01-07,,estimate based on partial data,1,1,1,0,0,1,1,2,4
Oceania,2021-01-08,,estimate based on partial data,1,1,1,0,0,0,1,1,3
Oceania,2021-01-09,,estimate based on partial data,0,1,1,0,0,0,1,1,3
Oceania,2021-01-10,,estimate based on partial data,0,1,1,0,0,0,0,1,2
Oceania,2021-01-11,,estimate based on partial data,0,0,1,0,0,0,0,1,2
Oceania,2021-01-12,,estimate based on partial data,2,2,2,0,1,1,2,3,7
Oceania,2021-01-13,,estimate based on partial data,1,1,1,0,0,0,1,2,3
Oceania,2021-01-14,,estimate based on partial data,1,1,1,0,0,1,1,2,4
Oceania,2021-01-15,,estimate based on partial data,0,1,1,0,0,0,1,1,3
Oceania,2021-01-16,,estimate based on partial data,0,1,1,0,0,0,1,1,3
Oceania,2021-01-17,,estimate based on partial data,0,0,1,0,0,0,0,1,2
Oceania,2021-01-18,,forecast,0,0,1,0,0,0,0,0,1
Oceania,2021-01-19,,forecast,2,2,2,0,1,1,2,3,6
Oceania,2021-01-20,,forecast,1,1,1,0,0,0,1,1,3
Oceania,2021-01-21,,forecast,1,1,1,0,0,0,1,2,4
Oceania,2021-01-22,,forecast,0,1,1,0,0,0,1,1,3
Oceania,2021-01-23,,forecast,0,1,1,0,0,0,0,1,2
Oceania,2021-01-24,,forecast,0,0,1,0,0,0,0,1,2
Oceania,2021-01-25,,forecast,0,0,1,0,0,0,0,0,1
Oceania,2021-01-26,,forecast,1,2,3,0,0,1,2,3,7
Oceania,2021-01-27,,forecast,0,1,2,0,0,0,1,1,3
Oceania,2021-01-28,,forecast,1,1,2,0,0,0,1,2,4
Oceania,2021-01-29,,forecast,0,1,2,0,0,0,1,1,3
Oceania,2021-01-30,,forecast,0,1,2,0,0,0,0,1,2
Oceania,2021-01-31,,forecast,0,1,2,0,0,0,0,1,2
