region,date,type,median,mean,sd,lower_20,upper_20,lower_50,upper_50,lower_90,upper_90
East of England,2020-08-19,estimate,95,96,8,93,96,90,100,84,109
East of England,2020-08-20,estimate,100,100,8,97,101,93,104,87,114
East of England,2020-08-21,estimate,104,105,9,102,106,97,108,91,119
East of England,2020-08-22,estimate,108,109,9,106,110,100,112,94,124
East of England,2020-08-23,estimate,112,113,10,110,114,104,117,97,128
East of England,2020-08-24,estimate,116,117,10,112,117,108,121,100,133
East of England,2020-08-25,estimate,119,120,10,116,121,111,125,102,136
East of England,2020-08-26,estimate,122,123,10,117,122,114,127,105,139
East of England,2020-08-27,estimate,124,125,10,122,127,116,130,108,142
East of England,2020-08-28,estimate,126,127,10,122,127,118,131,111,145
East of England,2020-08-29,estimate,128,128,10,124,129,121,134,113,145
East of England,2020-08-30,estimate,129,129,10,125,130,121,134,113,145
East of England,2020-08-31,estimate,130,130,10,127,132,123,136,114,145
East of England,2020-09-01,estimate,131,131,10,128,133,126,139,115,147
East of England,2020-09-02,estimate,132,132,10,130,135,125,139,116,149
East of England,2020-09-03,estimate,133,133,11,131,136,125,139,116,150
East of England,2020-09-04,estimate,135,135,11,132,138,126,141,116,152
East of England,2020-09-05,estimate,136,137,12,132,137,128,143,118,156
East of England,2020-09-06,estimate,139,139,12,134,140,131,148,119,159
East of England,2020-09-07,estimate,142,143,13,141,147,133,150,121,164
East of England,2020-09-08,estimate,147,147,14,145,151,137,155,126,170
East of England,2020-09-09,estimate,152,152,14,151,158,142,161,129,176
East of England,2020-09-10,estimate,158,159,15,153,160,148,168,135,183
East of England,2020-09-11,estimate,166,167,16,160,168,153,174,140,191
East of England,2020-09-12,estimate,175,176,16,170,178,164,186,149,202
East of England,2020-09-13,estimate,186,187,17,178,186,174,196,159,215
East of England,2020-09-14,estimate,199,200,18,194,202,186,209,171,228
East of England,2020-09-15,estimate,214,215,18,208,216,201,225,185,246
East of England,2020-09-16,estimate,231,232,19,223,232,218,243,200,263
East of England,2020-09-17,estimate,251,252,20,243,253,236,262,221,287
East of England,2020-09-18,estimate,273,274,21,261,271,259,286,239,308
East of England,2020-09-19,estimate,297,299,23,283,294,281,310,263,337
East of England,2020-09-20,estimate,324,326,24,316,328,306,337,287,366
East of England,2020-09-21,estimate,353,355,27,338,351,334,368,311,398
East of England,2020-09-22,estimate,384,386,29,367,381,366,403,337,431
East of England,2020-09-23,estimate,416,419,32,400,416,394,436,363,467
East of England,2020-09-24,estimate,450,453,35,435,451,423,469,394,507
East of England,2020-09-25,estimate,485,488,38,467,485,460,510,426,549
East of England,2020-09-26,estimate,520,523,41,508,527,495,549,455,588
East of England,2020-09-27,estimate,555,557,44,536,556,526,583,481,623
East of England,2020-09-28,estimate,588,591,46,572,594,561,621,516,666
East of England,2020-09-29,estimate,621,623,48,607,630,592,655,543,700
East of England,2020-09-30,estimate,651,653,50,631,655,613,678,574,736
East of England,2020-10-01,estimate,679,681,51,661,686,645,714,596,762
East of England,2020-10-02,estimate,705,706,53,688,713,661,733,619,788
East of England,2020-10-03,estimate,728,730,54,710,736,687,760,639,812
East of England,2020-10-04,estimate,750,752,56,727,754,708,783,664,843
East of England,2020-10-05,estimate,770,771,57,757,785,735,810,675,859
East of England,2020-10-06,estimate,788,789,59,777,805,745,822,694,882
East of England,2020-10-07,estimate,805,806,60,786,815,764,842,703,897
East of England,2020-10-08,estimate,821,822,62,792,822,783,863,722,921
East of England,2020-10-09,estimate,836,838,63,822,853,792,875,732,936
East of England,2020-10-10,estimate,850,853,64,826,856,799,884,749,957
East of England,2020-10-11,estimate,866,867,66,845,876,819,905,751,964
East of England,2020-10-12,estimate,880,882,67,854,887,838,926,770,990
East of England,2020-10-13,estimate,894,897,68,889,922,844,933,773,997
East of England,2020-10-14,estimate,909,912,70,880,914,864,956,794,1023
East of England,2020-10-15,estimate,923,927,72,892,927,871,965,807,1042
East of England,2020-10-16,estimate,939,942,75,917,953,879,979,824,1068
East of England,2020-10-17,estimate,954,957,81,940,980,894,1001,830,1089
East of England,2020-10-18,estimate based on partial data,967,972,88,933,976,905,1022,826,1114
East of England,2020-10-19,estimate based on partial data,981,986,100,945,994,910,1042,816,1139
East of England,2020-10-20,estimate based on partial data,993,1001,115,936,993,924,1077,810,1180
East of England,2020-10-21,estimate based on partial data,1008,1015,135,961,1029,900,1081,793,1220
East of England,2020-10-22,estimate based on partial data,1019,1028,160,951,1030,895,1108,757,1265
East of England,2020-10-23,estimate based on partial data,1032,1042,190,913,1007,911,1162,732,1333
East of England,2020-10-24,estimate based on partial data,1041,1056,226,924,1033,879,1174,705,1409
East of England,2020-10-25,estimate based on partial data,1050,1072,268,903,1030,876,1217,660,1485
East of England,2020-10-26,estimate based on partial data,1056,1088,317,908,1056,800,1194,585,1558
East of England,2020-10-27,estimate based on partial data,1065,1106,373,892,1060,793,1240,539,1664
East of England,2020-10-28,estimate based on partial data,1068,1128,441,863,1054,759,1261,482,1766
East of England,2020-10-29,forecast,1081,1154,509,893,1099,680,1233,407,1831
East of England,2020-10-30,forecast,1089,1183,587,889,1115,663,1266,371,1944
East of England,2020-10-31,forecast,1098,1215,678,757,1002,632,1285,271,1995
East of England,2020-11-01,forecast,1106,1251,785,695,955,602,1304,244,2111
East of England,2020-11-02,forecast,1116,1290,913,685,959,524,1271,219,2234
East of England,2020-11-03,forecast,1126,1334,1069,655,944,500,1291,137,2301
East of England,2020-11-04,forecast,1134,1383,1261,629,933,473,1312,121,2442
East of England,2020-11-05,forecast,1143,1437,1502,621,940,467,1349,105,2581
East of England,2020-11-06,forecast,1148,1498,1806,580,911,444,1368,89,2735
East of England,2020-11-07,forecast,1158,1566,2193,564,905,414,1384,81,2898
East of England,2020-11-08,forecast,1168,1642,2691,434,786,370,1381,59,3057
East of England,2020-11-09,forecast,1180,1728,3334,418,778,354,1405,59,3243
East of England,2020-11-10,forecast,1187,1826,4167,404,771,156,1235,55,3438
East of England,2020-11-11,forecast,1194,1937,5249,393,769,142,1247,48,3646
England,2020-08-20,estimate,1332,1335,101,1293,1341,1260,1393,1165,1498
England,2020-08-21,estimate,1409,1411,103,1388,1438,1327,1466,1247,1582
England,2020-08-22,estimate,1494,1496,107,1483,1536,1415,1555,1313,1658
England,2020-08-23,estimate,1586,1590,111,1539,1594,1515,1660,1422,1782
England,2020-08-24,estimate,1687,1691,117,1661,1715,1596,1747,1511,1889
England,2020-08-25,estimate,1795,1801,124,1769,1826,1711,1870,1589,1995
England,2020-08-26,estimate,1909,1917,133,1847,1911,1806,1977,1706,2140
England,2020-08-27,estimate,2030,2040,144,1980,2049,1923,2110,1811,2280
England,2020-08-28,estimate,2155,2167,156,2099,2171,2045,2250,1909,2412
England,2020-08-29,estimate,2284,2299,167,2216,2295,2148,2368,2029,2568
England,2020-08-30,estimate,2417,2434,179,2344,2430,2278,2509,2157,2730
England,2020-08-31,estimate,2552,2571,189,2455,2546,2411,2652,2283,2894
England,2020-09-01,estimate,2691,2709,198,2606,2697,2537,2788,2401,3037
England,2020-09-02,estimate,2832,2850,206,2744,2839,2666,2929,2536,3203
England,2020-09-03,estimate,2976,2992,214,2865,2967,2812,3083,2655,3347
England,2020-09-04,estimate,3125,3137,221,3033,3141,2965,3243,2772,3484
England,2020-09-05,estimate,3274,3287,230,3176,3287,3114,3405,2907,3646
England,2020-09-06,estimate,3432,3442,241,3317,3435,3262,3572,3026,3806
England,2020-09-07,estimate,3596,3607,255,3551,3675,3419,3748,3189,4011
England,2020-09-08,estimate,3771,3782,271,3736,3865,3605,3958,3357,4231
England,2020-09-09,estimate,3966,3971,290,3932,4069,3740,4118,3514,4451
England,2020-09-10,estimate,4172,4178,311,4132,4285,3929,4340,3681,4692
England,2020-09-11,estimate,4398,4405,333,4294,4463,4170,4611,3833,4922
England,2020-09-12,estimate,4648,4657,356,4480,4662,4408,4883,4051,5206
England,2020-09-13,estimate,4928,4936,378,4744,4940,4734,5241,4333,5559
England,2020-09-14,estimate,5244,5246,400,5234,5440,4930,5470,4575,5876
England,2020-09-15,estimate,5586,5590,421,5527,5741,5345,5914,4879,6246
England,2020-09-16,estimate,5964,5971,442,5853,6069,5657,6246,5238,6671
England,2020-09-17,estimate,6384,6391,462,6254,6475,6066,6681,5649,7146
England,2020-09-18,estimate,6838,6852,485,6721,6950,6524,7157,6076,7656
England,2020-09-19,estimate,7329,7353,511,7129,7364,6982,7644,6485,8160
England,2020-09-20,estimate,7870,7894,542,7635,7893,7467,8164,7013,8801
England,2020-09-21,estimate,8452,8471,582,8426,8704,8016,8760,7547,9446
England,2020-09-22,estimate,9043,9080,630,8857,9166,8570,9383,8023,10068
England,2020-09-23,estimate,9676,9714,687,9442,9783,9084,9980,8620,10831
England,2020-09-24,estimate,10313,10365,750,9979,10352,9794,10769,9121,11520
England,2020-09-25,estimate,10967,11022,815,10677,11082,10353,11407,9648,12263
England,2020-09-26,estimate,11612,11674,879,11401,11832,10982,12122,10271,13097
England,2020-09-27,estimate,12243,12310,938,12000,12449,11492,12715,10757,13773
England,2020-09-28,estimate,12855,12919,987,12532,13005,12034,13336,11281,14433
England,2020-09-29,estimate,13429,13493,1026,13246,13752,12735,14093,11839,15102
England,2020-09-30,estimate,13967,14023,1054,13634,14163,13215,14622,12319,15658
England,2020-10-01,estimate,14454,14505,1072,14143,14683,13658,15104,12821,16230
England,2020-10-02,estimate,14890,14936,1084,14552,15089,13973,15440,13246,16692
England,2020-10-03,estimate,15269,15318,1093,14795,15336,14358,15837,13618,17099
England,2020-10-04,estimate,15608,15654,1103,15111,15663,14819,16305,13865,17408
England,2020-10-05,estimate,15907,15949,1117,15457,16018,15215,16707,14154,17722
England,2020-10-06,estimate,16178,16209,1136,15861,16409,15259,16772,14481,18113
England,2020-10-07,estimate,16428,16441,1159,16195,16742,15553,17090,14632,18363
England,2020-10-08,estimate,16628,16655,1185,16398,16971,15784,17337,14634,18480
England,2020-10-09,estimate,16817,16857,1211,16231,16830,15974,17559,14972,18908
England,2020-10-10,estimate,17024,17054,1237,16483,17092,16155,17793,14939,18993
England,2020-10-11,estimate,17223,17252,1261,16882,17517,16262,17931,15197,19314
England,2020-10-12,estimate,17426,17457,1284,16947,17581,16421,18119,15355,19543
England,2020-10-13,estimate,17634,17672,1307,17388,18021,16606,18352,15453,19692
England,2020-10-14,estimate,17879,17900,1333,17485,18124,16992,18768,15634,19985
England,2020-10-15,estimate,18096,18140,1368,17641,18299,17126,18917,15942,20424
England,2020-10-16,estimate,18322,18393,1418,17741,18417,17380,19237,15940,20609
England,2020-10-17,estimate,18583,18657,1490,17913,18636,17494,19443,16330,21259
England,2020-10-18,estimate,18852,18929,1595,18239,19007,17508,19605,16237,21455
England,2020-10-19,estimate based on partial data,19139,19205,1743,18560,19408,17896,20217,16314,22026
England,2020-10-20,estimate based on partial data,19416,19482,1949,19021,19948,17872,20481,16135,22551
England,2020-10-21,estimate based on partial data,19680,19756,2225,19178,20248,18132,21099,15971,23279
England,2020-10-22,estimate based on partial data,19917,20025,2581,19103,20378,18167,21542,15538,24073
England,2020-10-23,estimate based on partial data,20076,20288,3026,18485,19922,17907,21791,14811,24701
England,2020-10-24,estimate based on partial data,20244,20546,3562,18098,19707,17930,22320,14779,26393
England,2020-10-25,estimate based on partial data,20399,20802,4193,18400,20269,17317,22413,13658,27197
England,2020-10-26,estimate based on partial data,20552,21062,4918,17699,19879,17097,22930,12927,28667
England,2020-10-27,estimate based on partial data,20730,21331,5740,18580,21101,16441,23173,12205,30338
England,2020-10-28,estimate based on partial data,20861,21618,6665,20247,23119,16439,24143,11380,32085
England,2020-10-29,estimate based on partial data,20974,21935,7702,18781,22014,15070,23753,10180,33537
England,2020-10-30,forecast,21117,22347,8712,17967,21465,14976,24514,8978,34877
England,2020-10-31,forecast,21247,22798,9813,17853,21670,14618,25041,8298,36750
England,2020-11-01,forecast,21410,23290,11013,16144,20284,14303,25587,7061,38057
England,2020-11-02,forecast,21607,23826,12326,15383,19824,13184,25412,6880,40528
England,2020-11-03,forecast,21745,24410,13767,15193,19939,12377,25490,4669,40823
England,2020-11-04,forecast,21852,25043,15355,15034,20052,12025,26022,4147,42857
England,2020-11-05,forecast,22031,25731,17110,14782,20036,11535,26416,3941,45411
England,2020-11-06,forecast,22197,26477,19057,14537,20122,10666,26341,3585,47857
England,2020-11-07,forecast,22387,27285,21227,13677,19518,10157,26609,3226,50451
England,2020-11-08,forecast,22540,28160,23652,13476,19558,9783,26988,3036,53290
England,2020-11-09,forecast,22739,29108,26372,13567,19918,9576,27616,798,53817
England,2020-11-10,forecast,22940,30135,29432,13144,19743,7727,26546,343,56192
England,2020-11-11,forecast,23115,31246,32885,12846,19737,7554,27067,243,59100
England,2020-11-12,forecast,23277,32451,36792,12570,19714,7124,27319,200,62260
London,2020-08-20,estimate,220,221,16,216,224,206,226,197,249
London,2020-08-21,estimate,227,228,17,224,232,216,237,201,255
London,2020-08-22,estimate,235,236,17,230,238,221,243,209,265
London,2020-08-23,estimate,242,244,18,237,245,229,251,214,272
London,2020-08-24,estimate,249,251,18,243,251,235,258,221,281
London,2020-08-25,estimate,257,258,19,250,258,245,269,227,289
London,2020-08-26,estimate,264,265,19,256,265,251,275,231,294
London,2020-08-27,estimate,271,272,19,263,272,256,281,238,301
London,2020-08-28,estimate,277,278,20,270,280,264,289,247,310
London,2020-08-29,estimate,283,285,20,274,283,270,296,251,315
London,2020-08-30,estimate,290,291,20,280,290,276,303,258,324
London,2020-08-31,estimate,296,297,21,290,300,280,308,264,331
London,2020-09-01,estimate,303,304,21,299,309,286,315,270,340
London,2020-09-02,estimate,310,310,22,305,316,291,320,276,349
London,2020-09-03,estimate,317,318,24,309,320,300,331,279,356
London,2020-09-04,estimate,325,326,25,316,328,307,341,285,368
London,2020-09-05,estimate,334,335,27,325,338,317,353,293,381
London,2020-09-06,estimate,344,345,29,334,347,325,364,301,395
London,2020-09-07,estimate,356,357,31,344,359,332,373,306,406
London,2020-09-08,estimate,368,370,33,359,375,339,384,315,421
London,2020-09-09,estimate,384,385,35,367,384,360,407,325,437
London,2020-09-10,estimate,401,403,36,380,398,372,421,343,461
London,2020-09-11,estimate,420,423,38,403,422,390,441,362,485
London,2020-09-12,estimate,443,445,39,425,444,416,469,380,509
London,2020-09-13,estimate,468,470,41,450,470,441,496,403,537
London,2020-09-14,estimate,497,499,42,484,504,464,521,430,568
London,2020-09-15,estimate,530,531,43,515,536,496,554,464,605
London,2020-09-16,estimate,566,567,44,553,575,531,589,494,637
London,2020-09-17,estimate,605,606,45,587,609,578,638,533,680
London,2020-09-18,estimate,649,650,47,638,661,617,679,568,721
London,2020-09-19,estimate,697,697,49,693,717,664,730,615,773
London,2020-09-20,estimate,747,748,52,735,761,708,778,663,831
London,2020-09-21,estimate,801,803,57,780,808,763,838,717,900
London,2020-09-22,estimate,857,861,62,831,861,819,901,756,956
London,2020-09-23,estimate,917,921,67,878,911,873,962,806,1024
London,2020-09-24,estimate,978,984,74,935,971,926,1022,859,1099
London,2020-09-25,estimate,1042,1047,80,992,1031,987,1093,915,1176
London,2020-09-26,estimate,1106,1111,87,1056,1099,1038,1153,973,1253
London,2020-09-27,estimate,1170,1175,93,1164,1210,1086,1209,1025,1326
London,2020-09-28,estimate,1233,1238,98,1193,1242,1145,1276,1071,1392
London,2020-09-29,estimate,1295,1299,103,1281,1331,1232,1369,1130,1466
London,2020-09-30,estimate,1354,1358,107,1331,1383,1269,1411,1188,1537
London,2020-10-01,estimate,1410,1414,111,1388,1440,1320,1466,1236,1594
London,2020-10-02,estimate,1464,1467,113,1443,1496,1383,1532,1282,1648
London,2020-10-03,estimate,1513,1517,116,1477,1532,1433,1585,1324,1697
London,2020-10-04,estimate,1560,1564,118,1521,1576,1489,1645,1380,1759
London,2020-10-05,estimate,1603,1608,120,1567,1622,1503,1661,1423,1807
London,2020-10-06,estimate,1643,1650,121,1597,1654,1549,1709,1455,1846
London,2020-10-07,estimate,1681,1689,123,1624,1682,1600,1762,1491,1888
London,2020-10-08,estimate,1719,1726,125,1669,1729,1642,1805,1519,1927
London,2020-10-09,estimate,1754,1762,127,1703,1763,1662,1825,1557,1973
London,2020-10-10,estimate,1787,1796,129,1721,1780,1686,1851,1583,2004
London,2020-10-11,estimate,1820,1829,131,1750,1811,1730,1897,1624,2049
London,2020-10-12,estimate,1854,1861,134,1816,1879,1771,1941,1640,2076
London,2020-10-13,estimate,1887,1892,137,1866,1929,1796,1969,1661,2108
London,2020-10-14,estimate,1918,1923,141,1901,1966,1822,2001,1681,2143
London,2020-10-15,estimate,1947,1953,147,1909,1977,1828,2016,1709,2189
London,2020-10-16,estimate,1976,1982,154,1963,2037,1867,2063,1727,2228
London,2020-10-17,estimate,1999,2009,164,1936,2014,1884,2095,1736,2263
London,2020-10-18,estimate,2023,2036,177,1944,2029,1897,2128,1760,2327
London,2020-10-19,estimate based on partial data,2047,2061,195,1951,2043,1907,2165,1747,2376
London,2020-10-20,estimate based on partial data,2070,2084,219,1950,2056,1939,2230,1742,2444
London,2020-10-21,estimate based on partial data,2090,2106,249,1941,2062,1933,2265,1716,2514
London,2020-10-22,estimate based on partial data,2109,2126,287,1926,2067,1911,2289,1653,2576
London,2020-10-23,estimate based on partial data,2125,2145,333,1936,2099,1886,2320,1618,2691
London,2020-10-24,estimate based on partial data,2137,2164,386,1983,2173,1892,2398,1576,2813
London,2020-10-25,estimate based on partial data,2150,2182,447,1975,2193,1849,2427,1450,2870
London,2020-10-26,estimate based on partial data,2164,2201,517,1972,2221,1807,2469,1394,3023
London,2020-10-27,estimate based on partial data,2174,2221,594,2012,2291,1686,2438,1243,3097
London,2020-10-28,estimate based on partial data,2179,2244,681,1967,2285,1663,2504,1221,3318
London,2020-10-29,estimate based on partial data,2178,2270,779,1906,2250,1643,2587,1086,3444
London,2020-10-30,forecast,2184,2303,874,1821,2194,1499,2526,1037,3633
London,2020-10-31,forecast,2195,2339,977,1850,2248,1458,2575,908,3737
London,2020-11-01,forecast,2209,2379,1092,1753,2189,1422,2626,857,3918
London,2020-11-02,forecast,2221,2423,1218,1795,2261,1361,2654,794,4121
London,2020-11-03,forecast,2237,2470,1359,1691,2186,1353,2737,655,4236
London,2020-11-04,forecast,2245,2522,1518,1658,2183,1308,2771,477,4291
London,2020-11-05,forecast,2256,2578,1698,1645,2203,1269,2821,407,4455
London,2020-11-06,forecast,2265,2640,1903,1549,2139,944,2571,364,4651
London,2020-11-07,forecast,2275,2706,2141,1556,2172,908,2604,264,4788
London,2020-11-08,forecast,2288,2778,2418,1524,2168,829,2600,191,4958
London,2020-11-09,forecast,2297,2857,2741,1508,2179,808,2649,172,5189
London,2020-11-10,forecast,2309,2942,3123,1374,2073,777,2684,153,5408
London,2020-11-11,forecast,2324,3034,3576,1265,1990,743,2716,136,5658
London,2020-11-12,forecast,2336,3135,4115,1030,1775,565,2602,87,5864
Midlands,2020-08-20,estimate,248,248,28,240,254,225,263,200,293
Midlands,2020-08-21,estimate,265,265,29,255,268,242,280,216,311
Midlands,2020-08-22,estimate,285,285,29,276,290,262,300,233,328
Midlands,2020-08-23,estimate,308,308,29,298,312,286,324,260,354
Midlands,2020-08-24,estimate,334,335,30,324,338,312,351,288,385
Midlands,2020-08-25,estimate,362,364,31,352,366,340,379,315,417
Midlands,2020-08-26,estimate,394,396,34,385,400,369,412,339,449
Midlands,2020-08-27,estimate,428,431,37,417,434,396,445,371,491
Midlands,2020-08-28,estimate,465,468,43,447,468,429,485,397,533
Midlands,2020-08-29,estimate,502,505,48,488,512,464,528,427,580
Midlands,2020-08-30,estimate,539,543,55,527,553,494,567,461,637
Midlands,2020-08-31,estimate,575,579,60,552,581,522,602,484,677
Midlands,2020-09-01,estimate,608,613,65,575,607,556,641,514,720
Midlands,2020-09-02,estimate,639,644,67,605,638,588,676,530,747
Midlands,2020-09-03,estimate,667,672,69,657,691,613,703,563,785
Midlands,2020-09-04,estimate,692,696,69,680,713,641,730,593,814
Midlands,2020-09-05,estimate,712,717,68,699,731,662,749,603,822
Midlands,2020-09-06,estimate,731,735,66,707,739,684,770,622,837
Midlands,2020-09-07,estimate,748,752,65,718,750,703,789,648,858
Midlands,2020-09-08,estimate,765,767,65,753,786,725,810,665,877
Midlands,2020-09-09,estimate,783,783,67,781,813,738,825,666,883
Midlands,2020-09-10,estimate,800,801,70,780,813,745,838,680,907
Midlands,2020-09-11,estimate,820,820,74,801,836,777,878,691,932
Midlands,2020-09-12,estimate,843,844,79,809,849,799,907,709,965
Midlands,2020-09-13,estimate,871,872,85,844,886,820,937,733,1007
Midlands,2020-09-14,estimate,905,907,91,879,923,852,978,762,1054
Midlands,2020-09-15,estimate,945,948,96,921,969,885,1017,796,1105
Midlands,2020-09-16,estimate,995,997,101,977,1027,932,1071,834,1162
Midlands,2020-09-17,estimate,1052,1055,106,1028,1079,976,1118,883,1226
Midlands,2020-09-18,estimate,1119,1123,110,1082,1135,1035,1181,945,1304
Midlands,2020-09-19,estimate,1198,1202,113,1144,1200,1133,1283,1005,1380
Midlands,2020-09-20,estimate,1288,1293,117,1242,1298,1211,1365,1093,1480
Midlands,2020-09-21,estimate,1391,1395,122,1369,1428,1312,1472,1194,1596
Midlands,2020-09-22,estimate,1505,1509,129,1469,1531,1414,1581,1273,1698
Midlands,2020-09-23,estimate,1628,1634,138,1575,1641,1525,1706,1402,1852
Midlands,2020-09-24,estimate,1760,1770,149,1701,1771,1640,1836,1533,2016
Midlands,2020-09-25,estimate,1900,1913,163,1830,1905,1782,1997,1639,2167
Midlands,2020-09-26,estimate,2047,2062,179,1986,2070,1921,2154,1774,2349
Midlands,2020-09-27,estimate,2197,2213,196,2128,2221,2072,2329,1895,2522
Midlands,2020-09-28,estimate,2346,2363,212,2270,2371,2192,2472,2020,2700
Midlands,2020-09-29,estimate,2492,2508,226,2405,2514,2320,2617,2156,2885
Midlands,2020-09-30,estimate,2628,2645,237,2535,2651,2455,2770,2245,3005
Midlands,2020-10-01,estimate,2754,2772,247,2657,2778,2560,2886,2362,3152
Midlands,2020-10-02,estimate,2869,2886,253,2748,2872,2679,3010,2473,3293
Midlands,2020-10-03,estimate,2974,2987,259,2871,2996,2803,3144,2567,3407
Midlands,2020-10-04,estimate,3062,3076,263,2966,3091,2836,3179,2640,3497
Midlands,2020-10-05,estimate,3137,3153,268,3061,3181,2918,3269,2700,3567
Midlands,2020-10-06,estimate,3209,3220,273,3123,3242,3034,3391,2774,3663
Midlands,2020-10-07,estimate,3269,3281,279,3186,3317,3087,3447,2834,3735
Midlands,2020-10-08,estimate,3327,3337,286,3233,3371,3158,3530,2869,3793
Midlands,2020-10-09,estimate,3381,3391,293,3313,3453,3192,3575,2924,3877
Midlands,2020-10-10,estimate,3435,3448,301,3298,3442,3202,3594,2968,3935
Midlands,2020-10-11,estimate,3494,3508,308,3396,3541,3282,3683,3001,3993
Midlands,2020-10-12,estimate,3561,3575,316,3423,3570,3325,3738,3083,4110
Midlands,2020-10-13,estimate,3636,3649,324,3506,3660,3409,3837,3125,4181
Midlands,2020-10-14,estimate,3726,3733,334,3618,3780,3512,3954,3203,4294
Midlands,2020-10-15,estimate,3819,3826,347,3746,3913,3571,4034,3278,4403
Midlands,2020-10-16,estimate,3913,3929,363,3804,3979,3707,4193,3348,4520
Midlands,2020-10-17,estimate,4022,4041,385,3931,4123,3731,4236,3396,4642
Midlands,2020-10-18,estimate,4138,4160,413,4016,4217,3813,4350,3497,4843
Midlands,2020-10-19,estimate based on partial data,4264,4286,452,4088,4309,3960,4549,3549,5022
Midlands,2020-10-20,estimate based on partial data,4387,4415,507,4265,4511,4026,4683,3573,5231
Midlands,2020-10-21,estimate based on partial data,4516,4545,587,4309,4588,4198,4961,3584,5499
Midlands,2020-10-22,estimate based on partial data,4629,4676,699,4315,4636,4256,5159,3532,5781
Midlands,2020-10-23,estimate based on partial data,4756,4806,850,4596,4996,4108,5198,3424,6159
Midlands,2020-10-24,estimate based on partial data,4868,4936,1044,4663,5147,4010,5352,3213,6556
Midlands,2020-10-25,estimate based on partial data,4978,5067,1285,4505,5100,3807,5434,3013,7065
Midlands,2020-10-26,estimate based on partial data,5046,5203,1575,4502,5211,3809,5725,2616,7532
Midlands,2020-10-27,estimate based on partial data,5120,5347,1922,4275,5128,3765,6024,2225,8049
Midlands,2020-10-28,estimate based on partial data,5188,5507,2338,4155,5141,3490,6095,1881,8797
Midlands,2020-10-29,estimate based on partial data,5235,5690,2850,3865,4981,3317,6299,1576,9626
Midlands,2020-10-30,forecast,5310,5930,3389,3870,5095,3148,6455,1405,10479
Midlands,2020-10-31,forecast,5385,6200,4035,3749,5090,3065,6729,906,11078
Midlands,2020-11-01,forecast,5454,6507,4817,3175,4622,2502,6503,715,11970
Midlands,2020-11-02,forecast,5540,6854,5774,3071,4612,2502,6838,363,12711
Midlands,2020-11-03,forecast,5624,7248,6959,2941,4580,2241,6890,148,13594
Midlands,2020-11-04,forecast,5706,7696,8445,2874,4611,1863,6828,71,14590
Midlands,2020-11-05,forecast,5796,8207,10326,2783,4617,1674,6938,54,15854
Midlands,2020-11-06,forecast,5876,8792,12732,2689,4624,1176,6716,42,17117
Midlands,2020-11-07,forecast,5975,9463,15835,2595,4612,677,6437,45,18679
Midlands,2020-11-08,forecast,6068,10237,19866,1571,3672,442,6407,35,20151
Midlands,2020-11-09,forecast,6189,11134,25135,1514,3664,243,6360,36,21981
Midlands,2020-11-10,forecast,6290,12177,32055,1240,3443,192,6456,14,23952
Midlands,2020-11-11,forecast,6392,13400,41185,1112,3342,17,6398,11,25837
Midlands,2020-11-12,forecast,6470,14839,53273,555,2807,8,6470,8,28011
North East and Yorkshire,2020-08-20,estimate,237,237,21,229,239,222,249,203,269
North East and Yorkshire,2020-08-21,estimate,256,256,21,249,259,243,270,221,289
North East and Yorkshire,2020-08-22,estimate,277,278,22,273,283,262,291,241,313
North East and Yorkshire,2020-08-23,estimate,301,302,23,293,304,284,314,263,339
North East and Yorkshire,2020-08-24,estimate,328,329,25,317,329,311,343,291,372
North East and Yorkshire,2020-08-25,estimate,357,359,28,349,362,335,371,315,404
North East and Yorkshire,2020-08-26,estimate,389,391,31,378,393,368,408,341,441
North East and Yorkshire,2020-08-27,estimate,422,425,34,407,423,399,444,370,481
North East and Yorkshire,2020-08-28,estimate,457,460,38,442,459,429,479,397,520
North East and Yorkshire,2020-08-29,estimate,492,496,42,473,492,460,514,429,562
North East and Yorkshire,2020-08-30,estimate,529,532,45,510,531,495,554,462,605
North East and Yorkshire,2020-08-31,estimate,565,569,48,542,565,532,595,493,646
North East and Yorkshire,2020-09-01,estimate,601,605,50,579,603,566,632,523,685
North East and Yorkshire,2020-09-02,estimate,637,640,52,620,645,598,667,551,721
North East and Yorkshire,2020-09-03,estimate,673,676,54,655,681,630,700,587,762
North East and Yorkshire,2020-09-04,estimate,707,711,55,686,712,669,741,618,800
North East and Yorkshire,2020-09-05,estimate,744,747,58,714,742,706,781,652,843
North East and Yorkshire,2020-09-06,estimate,781,785,61,754,782,738,817,672,872
North East and Yorkshire,2020-09-07,estimate,822,825,65,787,818,776,860,716,928
North East and Yorkshire,2020-09-08,estimate,865,868,70,838,871,811,902,751,978
North East and Yorkshire,2020-09-09,estimate,913,915,75,888,924,856,957,793,1036
North East and Yorkshire,2020-09-10,estimate,966,968,81,935,975,899,1010,840,1102
North East and Yorkshire,2020-09-11,estimate,1025,1028,88,1006,1050,959,1079,887,1169
North East and Yorkshire,2020-09-12,estimate,1093,1095,94,1066,1113,1032,1159,940,1245
North East and Yorkshire,2020-09-13,estimate,1170,1173,100,1147,1196,1104,1239,1001,1330
North East and Yorkshire,2020-09-14,estimate,1257,1261,106,1220,1272,1173,1314,1087,1436
North East and Yorkshire,2020-09-15,estimate,1357,1360,112,1319,1375,1270,1417,1181,1548
North East and Yorkshire,2020-09-16,estimate,1469,1473,118,1435,1493,1380,1534,1275,1659
North East and Yorkshire,2020-09-17,estimate,1595,1599,125,1551,1612,1508,1672,1390,1798
North East and Yorkshire,2020-09-18,estimate,1735,1740,132,1703,1768,1644,1818,1510,1941
North East and Yorkshire,2020-09-19,estimate,1889,1894,142,1838,1907,1791,1979,1659,2122
North East and Yorkshire,2020-09-20,estimate,2054,2060,154,2000,2076,1953,2155,1813,2312
North East and Yorkshire,2020-09-21,estimate,2227,2238,169,2149,2230,2118,2337,1962,2508
North East and Yorkshire,2020-09-22,estimate,2412,2423,186,2340,2429,2280,2523,2127,2723
North East and Yorkshire,2020-09-23,estimate,2601,2614,205,2533,2631,2469,2735,2268,2929
North East and Yorkshire,2020-09-24,estimate,2790,2804,224,2734,2841,2620,2910,2431,3152
North East and Yorkshire,2020-09-25,estimate,2973,2989,242,2907,3020,2770,3082,2592,3376
North East and Yorkshire,2020-09-26,estimate,3150,3165,257,3084,3207,2973,3307,2750,3589
North East and Yorkshire,2020-09-27,estimate,3313,3327,269,3224,3355,3102,3446,2857,3739
North East and Yorkshire,2020-09-28,estimate,3456,3471,278,3300,3434,3220,3577,2990,3896
North East and Yorkshire,2020-09-29,estimate,3583,3595,283,3516,3654,3382,3747,3123,4045
North East and Yorkshire,2020-09-30,estimate,3683,3697,287,3632,3769,3436,3813,3211,4143
North East and Yorkshire,2020-10-01,estimate,3766,3778,290,3712,3853,3550,3932,3322,4257
North East and Yorkshire,2020-10-02,estimate,3827,3838,293,3802,3951,3607,3989,3363,4311
North East and Yorkshire,2020-10-03,estimate,3870,3882,298,3707,3854,3629,4018,3404,4382
North East and Yorkshire,2020-10-04,estimate,3896,3911,303,3761,3905,3684,4081,3411,4407
North East and Yorkshire,2020-10-05,estimate,3913,3929,309,3799,3945,3674,4078,3462,4473
North East and Yorkshire,2020-10-06,estimate,3922,3940,316,3777,3924,3667,4083,3436,4460
North East and Yorkshire,2020-10-07,estimate,3930,3947,322,3774,3929,3727,4151,3423,4459
North East and Yorkshire,2020-10-08,estimate,3940,3954,327,3775,3939,3726,4157,3427,4486
North East and Yorkshire,2020-10-09,estimate,3956,3964,331,3768,3935,3713,4150,3410,4492
North East and Yorkshire,2020-10-10,estimate,3974,3978,334,3757,3927,3742,4185,3409,4500
North East and Yorkshire,2020-10-11,estimate,3992,3998,337,3983,4155,3751,4196,3471,4565
North East and Yorkshire,2020-10-12,estimate,4020,4025,340,3971,4139,3762,4215,3469,4570
North East and Yorkshire,2020-10-13,estimate,4056,4059,343,3970,4138,3820,4285,3465,4575
North East and Yorkshire,2020-10-14,estimate,4092,4100,348,4011,4186,3857,4327,3532,4656
North East and Yorkshire,2020-10-15,estimate,4134,4147,356,3970,4148,3920,4395,3586,4730
North East and Yorkshire,2020-10-16,estimate,4184,4198,365,4068,4251,3933,4412,3650,4832
North East and Yorkshire,2020-10-17,estimate,4228,4251,378,4109,4292,3928,4418,3656,4873
North East and Yorkshire,2020-10-18,estimate,4276,4304,396,4119,4305,4010,4533,3679,4966
North East and Yorkshire,2020-10-19,estimate based on partial data,4322,4354,424,4138,4337,4023,4587,3707,5092
North East and Yorkshire,2020-10-20,estimate based on partial data,4371,4399,466,4182,4402,4037,4652,3667,5186
North East and Yorkshire,2020-10-21,estimate based on partial data,4404,4437,529,4152,4408,4036,4741,3584,5294
North East and Yorkshire,2020-10-22,estimate based on partial data,4435,4468,620,4083,4385,4017,4833,3481,5489
North East and Yorkshire,2020-10-23,estimate based on partial data,4448,4491,740,4100,4455,3857,4817,3219,5615
North East and Yorkshire,2020-10-24,estimate based on partial data,4433,4507,888,4039,4448,3792,4934,3095,5959
North East and Yorkshire,2020-10-25,estimate based on partial data,4428,4519,1064,4074,4535,3728,5069,2894,6271
North East and Yorkshire,2020-10-26,estimate based on partial data,4396,4530,1268,4090,4643,3647,5210,2569,6575
North East and Yorkshire,2020-10-27,estimate based on partial data,4380,4542,1500,3963,4603,3188,4989,2147,6864
North East and Yorkshire,2020-10-28,estimate based on partial data,4339,4562,1763,3832,4574,2868,4889,2074,7550
North East and Yorkshire,2020-10-29,estimate based on partial data,4294,4594,2065,3481,4327,2657,4918,1387,7597
North East and Yorkshire,2020-10-30,forecast,4273,4662,2359,3381,4309,2512,4973,954,7772
North East and Yorkshire,2020-10-31,forecast,4235,4743,2688,3230,4233,2478,5115,815,8202
North East and Yorkshire,2020-11-01,forecast,4218,4839,3056,2488,3535,2375,5195,672,8615
North East and Yorkshire,2020-11-02,forecast,4196,4949,3473,2320,3420,2170,5173,525,9087
North East and Yorkshire,2020-11-03,forecast,4177,5076,3946,2244,3387,1777,4936,383,9534
North East and Yorkshire,2020-11-04,forecast,4166,5220,4487,2102,3293,1665,4969,249,9983
North East and Yorkshire,2020-11-05,forecast,4131,5383,5110,1920,3150,1486,4933,206,10577
North East and Yorkshire,2020-11-06,forecast,4096,5568,5830,1713,2970,1393,4979,121,11097
North East and Yorkshire,2020-11-07,forecast,4058,5776,6669,1544,2829,1303,5022,112,11715
North East and Yorkshire,2020-11-08,forecast,4034,6010,7648,1461,2762,631,4443,71,12288
North East and Yorkshire,2020-11-09,forecast,4014,6273,8799,1419,2737,580,4445,37,12912
North East and Yorkshire,2020-11-10,forecast,3992,6568,10154,1304,2637,151,4066,7,13596
North East and Yorkshire,2020-11-11,forecast,3971,6900,11758,1209,2549,133,4048,5,14283
North East and Yorkshire,2020-11-12,forecast,3942,7272,13663,1144,2493,112,4028,4,15072
North West,2020-08-20,estimate,282,283,24,283,295,268,299,242,322
North West,2020-08-21,estimate,303,304,25,295,308,284,317,265,349
North West,2020-08-22,estimate,327,329,27,316,328,308,343,283,370
North West,2020-08-23,estimate,356,357,28,344,357,339,376,313,406
North West,2020-08-24,estimate,389,390,30,373,387,370,408,338,437
North West,2020-08-25,estimate,426,427,32,415,431,407,450,377,483
North West,2020-08-26,estimate,467,468,35,459,477,447,493,411,527
North West,2020-08-27,estimate,512,513,39,502,521,484,536,451,578
North West,2020-08-28,estimate,561,562,43,541,563,532,588,493,633
North West,2020-08-29,estimate,614,615,47,603,626,580,642,535,689
North West,2020-08-30,estimate,670,672,52,651,676,633,702,583,752
North West,2020-08-31,estimate,729,731,57,717,745,691,766,636,818
North West,2020-09-01,estimate,791,793,62,780,810,746,827,687,884
North West,2020-09-02,estimate,855,857,67,840,873,808,897,751,966
North West,2020-09-03,estimate,920,923,71,905,940,865,958,811,1039
North West,2020-09-04,estimate,986,990,76,956,992,930,1029,869,1112
North West,2020-09-05,estimate,1054,1058,80,1015,1054,996,1100,931,1192
North West,2020-09-06,estimate,1124,1129,85,1100,1139,1065,1174,997,1274
North West,2020-09-07,estimate,1195,1201,90,1159,1200,1125,1240,1044,1341
North West,2020-09-08,estimate,1269,1275,95,1238,1281,1196,1317,1104,1419
North West,2020-09-09,estimate,1349,1353,101,1325,1375,1278,1407,1180,1512
North West,2020-09-10,estimate,1432,1435,108,1406,1458,1358,1497,1255,1607
North West,2020-09-11,estimate,1519,1522,115,1472,1528,1429,1581,1325,1704
North West,2020-09-12,estimate,1611,1615,123,1577,1636,1530,1692,1397,1805
North West,2020-09-13,estimate,1710,1715,131,1663,1726,1624,1797,1503,1935
North West,2020-09-14,estimate,1817,1822,140,1770,1840,1704,1888,1592,2050
North West,2020-09-15,estimate,1933,1938,149,1843,1917,1816,2013,1693,2176
North West,2020-09-16,estimate,2057,2063,157,1971,2048,1949,2160,1781,2293
North West,2020-09-17,estimate,2190,2198,166,2124,2207,2080,2300,1924,2459
North West,2020-09-18,estimate,2335,2341,176,2223,2310,2222,2455,2042,2610
North West,2020-09-19,estimate,2489,2494,185,2495,2588,2357,2602,2193,2801
North West,2020-09-20,estimate,2646,2655,196,2559,2658,2530,2790,2317,2957
North West,2020-09-21,estimate,2810,2823,207,2686,2787,2668,2941,2462,3132
North West,2020-09-22,estimate,2980,2995,219,2872,2975,2849,3136,2642,3348
North West,2020-09-23,estimate,3155,3169,231,3092,3204,2978,3283,2810,3563
North West,2020-09-24,estimate,3329,3343,245,3238,3356,3152,3473,2929,3724
North West,2020-09-25,estimate,3501,3512,258,3400,3527,3307,3641,3110,3944
North West,2020-09-26,estimate,3662,3675,271,3569,3704,3458,3812,3243,4111
North West,2020-09-27,estimate,3816,3828,284,3751,3890,3624,4001,3361,4275
North West,2020-09-28,estimate,3952,3968,295,3878,4016,3749,4139,3473,4433
North West,2020-09-29,estimate,4078,4093,305,3981,4122,3831,4234,3587,4578
North West,2020-09-30,estimate,4186,4202,313,4071,4220,3944,4355,3647,4672
North West,2020-10-01,estimate,4280,4294,319,4151,4308,4066,4484,3785,4836
North West,2020-10-02,estimate,4356,4368,324,4289,4447,4108,4540,3817,4879
North West,2020-10-03,estimate,4416,4427,329,4331,4482,4106,4549,3867,4931
North West,2020-10-04,estimate,4459,4471,332,4379,4540,4250,4694,3953,5038
North West,2020-10-05,estimate,4487,4502,336,4409,4572,4210,4651,3929,5037
North West,2020-10-06,estimate,4508,4523,341,4457,4617,4235,4675,3972,5098
North West,2020-10-07,estimate,4521,4536,345,4401,4562,4248,4692,3997,5137
North West,2020-10-08,estimate,4524,4543,350,4390,4551,4297,4744,3991,5145
North West,2020-10-09,estimate,4530,4546,354,4371,4537,4306,4759,4009,5179
North West,2020-10-10,estimate,4528,4547,358,4369,4535,4242,4705,3984,5151
North West,2020-10-11,estimate,4533,4546,362,4441,4612,4251,4720,3956,5130
North West,2020-10-12,estimate,4534,4546,364,4423,4601,4302,4771,3950,5130
North West,2020-10-13,estimate,4538,4546,366,4444,4620,4293,4763,3908,5086
North West,2020-10-14,estimate,4541,4547,367,4431,4607,4300,4776,3936,5125
North West,2020-10-15,estimate,4537,4549,369,4459,4640,4300,4782,3915,5115
North West,2020-10-16,estimate,4536,4550,374,4412,4591,4262,4751,3918,5131
North West,2020-10-17,estimate,4526,4550,384,4420,4597,4237,4741,3906,5143
North West,2020-10-18,estimate,4525,4548,403,4386,4579,4256,4786,3881,5182
North West,2020-10-19,estimate based on partial data,4524,4543,433,4470,4680,4257,4836,3825,5228
North West,2020-10-20,estimate based on partial data,4513,4535,481,4402,4635,4132,4769,3788,5332
North West,2020-10-21,estimate based on partial data,4491,4523,547,4315,4577,4098,4820,3644,5396
North West,2020-10-22,estimate based on partial data,4472,4508,636,4294,4596,3931,4763,3441,5493
North West,2020-10-23,estimate based on partial data,4443,4489,746,4275,4642,3911,4869,3278,5680
North West,2020-10-24,estimate based on partial data,4406,4469,878,4264,4696,3774,4899,3086,5882
North West,2020-10-25,estimate based on partial data,4377,4449,1032,4253,4743,3595,4908,2781,6062
North West,2020-10-26,estimate based on partial data,4331,4431,1207,4123,4686,3480,4988,2572,6358
North West,2020-10-27,estimate based on partial data,4272,4417,1406,4121,4756,3180,4877,2306,6627
North West,2020-10-28,estimate based on partial data,4215,4412,1633,3962,4685,3138,5020,1893,6770
North West,2020-10-29,estimate based on partial data,4142,4418,1896,3071,3857,2914,4991,1465,6931
North West,2020-10-30,forecast,4100,4446,2147,2867,3704,2778,5034,1281,7198
North West,2020-10-31,forecast,4048,4485,2427,2694,3576,2693,5110,1133,7495
North West,2020-11-01,forecast,3994,4534,2741,2617,3540,2270,4833,1001,7864
North West,2020-11-02,forecast,3954,4594,3095,2558,3524,2145,4850,615,7941
North West,2020-11-03,forecast,3902,4666,3497,2531,3534,1662,4496,516,8267
North West,2020-11-04,forecast,3853,4752,3958,2425,3467,1532,4472,353,8550
North West,2020-11-05,forecast,3813,4851,4490,2318,3388,1447,4487,376,8991
North West,2020-11-06,forecast,3767,4965,5107,2237,3338,1020,4140,291,9376
North West,2020-11-07,forecast,3717,5096,5829,1981,3103,922,4105,280,9806
North West,2020-11-08,forecast,3677,5246,6676,1907,3047,851,4095,222,10214
North West,2020-11-09,forecast,3634,5415,7675,1830,2986,846,4135,181,10687
North West,2020-11-10,forecast,3578,5607,8859,1730,2901,592,3910,161,11175
North West,2020-11-11,forecast,3545,5824,10267,1075,2258,532,3877,54,11567
North West,2020-11-12,forecast,3501,6069,11947,1122,2307,275,3627,36,12051
Northern Ireland,2020-08-20,estimate,69,69,6,66,69,64,72,59,78
Northern Ireland,2020-08-21,estimate,71,71,6,70,73,66,75,61,81
Northern Ireland,2020-08-22,estimate,73,73,6,72,75,68,77,63,84
Northern Ireland,2020-08-23,estimate,75,75,6,75,78,71,79,64,85
Northern Ireland,2020-08-24,estimate,77,77,7,76,79,72,81,66,87
Northern Ireland,2020-08-25,estimate,79,79,7,78,81,73,82,68,89
Northern Ireland,2020-08-26,estimate,81,81,7,79,83,77,86,70,92
Northern Ireland,2020-08-27,estimate,83,83,7,80,84,77,87,71,94
Northern Ireland,2020-08-28,estimate,85,85,7,83,86,79,89,73,96
Northern Ireland,2020-08-29,estimate,86,87,7,84,88,81,91,76,99
Northern Ireland,2020-08-30,estimate,88,89,7,86,89,84,93,77,101
Northern Ireland,2020-08-31,estimate,91,91,8,87,91,85,95,78,103
Northern Ireland,2020-09-01,estimate,93,93,8,91,95,88,98,81,106
Northern Ireland,2020-09-02,estimate,96,96,8,95,99,89,100,82,109
Northern Ireland,2020-09-03,estimate,98,99,8,97,101,92,103,84,112
Northern Ireland,2020-09-04,estimate,102,102,9,101,105,95,106,88,116
Northern Ireland,2020-09-05,estimate,105,106,9,103,107,99,111,91,120
Northern Ireland,2020-09-06,estimate,109,110,9,106,111,102,115,95,125
Northern Ireland,2020-09-07,estimate,114,115,10,109,114,107,120,99,131
Northern Ireland,2020-09-08,estimate,120,120,10,113,118,113,126,104,137
Northern Ireland,2020-09-09,estimate,126,127,11,122,127,118,132,110,144
Northern Ireland,2020-09-10,estimate,134,135,11,132,137,126,141,116,153
Northern Ireland,2020-09-11,estimate,143,144,12,138,144,134,150,123,162
Northern Ireland,2020-09-12,estimate,154,155,13,151,157,145,162,133,176
Northern Ireland,2020-09-13,estimate,167,167,14,162,169,156,175,144,191
Northern Ireland,2020-09-14,estimate,182,182,16,177,184,170,191,157,208
Northern Ireland,2020-09-15,estimate,200,200,17,196,204,188,211,170,227
Northern Ireland,2020-09-16,estimate,220,221,19,216,225,207,231,189,251
Northern Ireland,2020-09-17,estimate,245,245,21,237,247,230,257,210,279
Northern Ireland,2020-09-18,estimate,273,274,23,265,276,257,286,234,311
Northern Ireland,2020-09-19,estimate,305,307,26,298,310,287,320,263,347
Northern Ireland,2020-09-20,estimate,343,344,29,331,345,321,358,298,391
Northern Ireland,2020-09-21,estimate,385,387,32,369,384,362,403,339,443
Northern Ireland,2020-09-22,estimate,433,435,35,418,434,407,453,382,497
Northern Ireland,2020-09-23,estimate,487,489,39,478,497,455,506,425,551
Northern Ireland,2020-09-24,estimate,545,548,43,534,555,512,568,480,619
Northern Ireland,2020-09-25,estimate,608,611,48,594,617,574,635,528,683
Northern Ireland,2020-09-26,estimate,675,678,53,662,688,637,706,596,768
Northern Ireland,2020-09-27,estimate,744,746,58,727,755,700,775,652,841
Northern Ireland,2020-09-28,estimate,813,816,64,786,816,767,849,710,918
Northern Ireland,2020-09-29,estimate,879,884,70,849,882,833,921,769,995
Northern Ireland,2020-09-30,estimate,944,948,75,915,950,884,980,829,1070
Northern Ireland,2020-10-01,estimate,1003,1006,80,992,1030,944,1047,886,1145
Northern Ireland,2020-10-02,estimate,1055,1058,84,1030,1071,998,1107,920,1190
Northern Ireland,2020-10-03,estimate,1096,1100,87,1082,1124,1030,1144,959,1241
Northern Ireland,2020-10-04,estimate,1127,1132,90,1100,1143,1061,1178,986,1279
Northern Ireland,2020-10-05,estimate,1149,1154,92,1120,1163,1088,1207,1001,1301
Northern Ireland,2020-10-06,estimate,1159,1165,94,1132,1174,1097,1217,1007,1314
Northern Ireland,2020-10-07,estimate,1162,1166,96,1128,1173,1099,1220,1013,1325
Northern Ireland,2020-10-08,estimate,1153,1159,97,1136,1180,1087,1211,1003,1319
Northern Ireland,2020-10-09,estimate,1138,1144,97,1106,1149,1062,1188,981,1297
Northern Ireland,2020-10-10,estimate,1116,1122,97,1079,1124,1046,1171,949,1269
Northern Ireland,2020-10-11,estimate,1090,1095,96,1053,1099,1027,1151,935,1250
Northern Ireland,2020-10-12,estimate,1059,1064,94,1029,1073,992,1114,916,1222
Northern Ireland,2020-10-13,estimate,1025,1031,91,988,1031,961,1080,882,1180
Northern Ireland,2020-10-14,estimate,991,996,89,956,999,926,1041,864,1155
Northern Ireland,2020-10-15,estimate,955,960,86,914,956,900,1011,813,1099
Northern Ireland,2020-10-16,estimate,920,924,85,900,941,853,962,778,1054
Northern Ireland,2020-10-17,estimate,883,889,85,860,898,818,928,753,1027
Northern Ireland,2020-10-18,estimate,848,855,88,827,865,783,896,719,1000
Northern Ireland,2020-10-19,estimate based on partial data,816,821,93,795,838,758,876,675,970
Northern Ireland,2020-10-20,estimate based on partial data,783,790,101,761,809,718,846,629,951
Northern Ireland,2020-10-21,estimate based on partial data,753,760,112,708,760,668,812,586,944
Northern Ireland,2020-10-22,estimate based on partial data,722,732,125,680,738,639,801,523,925
Northern Ireland,2020-10-23,estimate based on partial data,694,706,141,648,713,575,757,481,935
Northern Ireland,2020-10-24,estimate based on partial data,667,681,160,622,697,535,734,431,940
Northern Ireland,2020-10-25,estimate based on partial data,639,659,181,545,629,498,716,374,943
Northern Ireland,2020-10-26,estimate based on partial data,613,640,204,494,584,456,695,327,956
Northern Ireland,2020-10-27,estimate based on partial data,587,623,231,466,562,416,677,270,961
Northern Ireland,2020-10-28,estimate based on partial data,562,608,262,462,566,368,647,228,985
Northern Ireland,2020-10-29,estimate based on partial data,536,596,299,419,527,347,645,180,1001
Northern Ireland,2020-10-30,forecast,514,586,332,394,506,289,596,137,1002
Northern Ireland,2020-10-31,forecast,492,578,370,366,481,264,580,107,1010
Northern Ireland,2020-11-01,forecast,470,571,412,289,406,232,554,94,1032
Northern Ireland,2020-11-02,forecast,451,566,461,274,391,213,539,80,1054
Northern Ireland,2020-11-03,forecast,431,563,518,251,369,179,509,59,1066
Northern Ireland,2020-11-04,forecast,413,562,584,196,312,158,488,60,1099
Northern Ireland,2020-11-05,forecast,396,563,664,186,301,142,471,41,1108
Northern Ireland,2020-11-06,forecast,380,567,759,175,288,91,416,39,1135
Northern Ireland,2020-11-07,forecast,364,572,875,157,267,80,401,7,1130
Northern Ireland,2020-11-08,forecast,349,580,1018,143,251,69,383,24,1169
Northern Ireland,2020-11-09,forecast,334,590,1194,93,199,61,369,9,1177
Northern Ireland,2020-11-10,forecast,319,603,1411,84,186,26,327,11,1201
Northern Ireland,2020-11-11,forecast,306,620,1682,72,170,22,314,3,1218
Northern Ireland,2020-11-12,forecast,293,640,2020,65,159,19,302,2,1244
Scotland,2020-08-20,estimate,114,114,9,111,116,108,119,98,127
Scotland,2020-08-21,estimate,119,120,9,117,122,113,125,104,133
Scotland,2020-08-22,estimate,125,125,10,123,128,118,130,109,140
Scotland,2020-08-23,estimate,131,132,10,128,133,125,138,114,147
Scotland,2020-08-24,estimate,137,138,10,133,138,131,144,121,155
Scotland,2020-08-25,estimate,144,144,11,138,144,135,149,126,161
Scotland,2020-08-26,estimate,150,151,11,146,152,142,157,131,169
Scotland,2020-08-27,estimate,157,157,12,154,160,149,165,139,178
Scotland,2020-08-28,estimate,164,164,12,159,165,154,171,143,184
Scotland,2020-08-29,estimate,171,171,13,166,173,160,177,151,194
Scotland,2020-08-30,estimate,178,179,14,173,180,169,188,155,199
Scotland,2020-08-31,estimate,186,187,14,182,189,176,196,163,209
Scotland,2020-09-01,estimate,195,195,15,191,198,184,204,172,221
Scotland,2020-09-02,estimate,203,204,16,202,210,191,213,177,229
Scotland,2020-09-03,estimate,213,214,17,211,219,200,222,187,242
Scotland,2020-09-04,estimate,224,224,18,222,231,212,236,194,252
Scotland,2020-09-05,estimate,235,235,19,233,242,222,247,203,265
Scotland,2020-09-06,estimate,248,248,20,244,254,233,259,215,280
Scotland,2020-09-07,estimate,261,262,22,259,270,244,273,226,295
Scotland,2020-09-08,estimate,276,277,23,263,274,261,291,239,313
Scotland,2020-09-09,estimate,294,294,24,280,292,278,309,256,333
Scotland,2020-09-10,estimate,312,313,25,309,322,296,330,273,355
Scotland,2020-09-11,estimate,333,334,27,328,342,316,352,291,377
Scotland,2020-09-12,estimate,356,357,28,347,361,337,374,314,405
Scotland,2020-09-13,estimate,381,382,30,370,385,364,404,333,429
Scotland,2020-09-14,estimate,409,410,31,390,406,390,431,361,462
Scotland,2020-09-15,estimate,440,441,33,428,445,417,461,386,492
Scotland,2020-09-16,estimate,474,474,35,466,482,451,498,418,531
Scotland,2020-09-17,estimate,510,510,38,507,524,480,529,451,573
Scotland,2020-09-18,estimate,548,550,40,535,555,525,577,483,613
Scotland,2020-09-19,estimate,590,591,43,578,599,558,614,517,656
Scotland,2020-09-20,estimate,634,636,47,624,646,599,660,558,708
Scotland,2020-09-21,estimate,681,683,50,676,700,637,703,600,760
Scotland,2020-09-22,estimate,729,731,54,722,748,681,753,637,810
Scotland,2020-09-23,estimate,778,782,58,761,790,732,808,679,867
Scotland,2020-09-24,estimate,829,833,63,799,829,788,871,728,930
Scotland,2020-09-25,estimate,881,885,67,846,878,839,928,778,996
Scotland,2020-09-26,estimate,933,936,72,911,946,878,973,812,1045
Scotland,2020-09-27,estimate,983,987,76,964,1002,928,1028,860,1105
Scotland,2020-09-28,estimate,1032,1036,80,1005,1045,981,1087,910,1168
Scotland,2020-09-29,estimate,1079,1082,84,1054,1095,1022,1135,949,1221
Scotland,2020-09-30,estimate,1123,1126,87,1096,1138,1059,1177,984,1267
Scotland,2020-10-01,estimate,1163,1167,91,1140,1183,1095,1218,1023,1315
Scotland,2020-10-02,estimate,1199,1203,93,1156,1202,1124,1251,1057,1359
Scotland,2020-10-03,estimate,1231,1236,96,1198,1244,1164,1294,1082,1395
Scotland,2020-10-04,estimate,1259,1264,98,1218,1266,1175,1307,1106,1425
Scotland,2020-10-05,estimate,1282,1288,100,1241,1291,1213,1347,1126,1454
Scotland,2020-10-06,estimate,1301,1307,101,1277,1327,1214,1348,1151,1480
Scotland,2020-10-07,estimate,1315,1322,102,1292,1341,1233,1368,1156,1488
Scotland,2020-10-08,estimate,1327,1332,103,1300,1351,1248,1383,1173,1504
Scotland,2020-10-09,estimate,1333,1338,103,1304,1356,1266,1401,1172,1504
Scotland,2020-10-10,estimate,1336,1341,103,1317,1369,1262,1398,1176,1504
Scotland,2020-10-11,estimate,1335,1340,102,1289,1340,1261,1398,1175,1504
Scotland,2020-10-12,estimate,1332,1336,101,1289,1340,1268,1403,1165,1495
Scotland,2020-10-13,estimate,1326,1328,100,1299,1350,1259,1391,1158,1485
Scotland,2020-10-14,estimate,1316,1319,101,1287,1336,1254,1387,1148,1471
Scotland,2020-10-15,estimate,1304,1307,102,1267,1316,1235,1369,1134,1465
Scotland,2020-10-16,estimate,1289,1293,105,1268,1319,1213,1351,1111,1453
Scotland,2020-10-17,estimate,1273,1277,111,1200,1256,1181,1328,1092,1458
Scotland,2020-10-18,estimate,1254,1261,120,1177,1236,1165,1323,1059,1456
Scotland,2020-10-19,estimate based on partial data,1234,1244,132,1172,1234,1145,1321,1025,1455
Scotland,2020-10-20,estimate based on partial data,1217,1226,147,1160,1228,1125,1320,982,1458
Scotland,2020-10-21,estimate based on partial data,1198,1208,165,1137,1212,1074,1291,938,1475
Scotland,2020-10-22,estimate based on partial data,1180,1190,185,1121,1206,1039,1283,893,1497
Scotland,2020-10-23,estimate based on partial data,1158,1173,208,1095,1191,1002,1274,844,1526
Scotland,2020-10-24,estimate based on partial data,1138,1157,233,1062,1169,971,1273,788,1551
Scotland,2020-10-25,estimate based on partial data,1120,1142,260,1029,1149,950,1282,716,1567
Scotland,2020-10-26,estimate based on partial data,1102,1128,289,1030,1161,897,1264,656,1586
Scotland,2020-10-27,estimate based on partial data,1082,1116,322,957,1102,843,1246,594,1609
Scotland,2020-10-28,estimate based on partial data,1064,1105,357,922,1083,786,1222,550,1648
Scotland,2020-10-29,estimate based on partial data,1048,1097,397,828,1003,719,1186,499,1684
Scotland,2020-10-30,forecast,1032,1090,435,785,971,688,1183,460,1729
Scotland,2020-10-31,forecast,1016,1085,478,740,933,651,1173,424,1772
Scotland,2020-11-01,forecast,998,1081,526,713,915,580,1126,387,1810
Scotland,2020-11-02,forecast,982,1078,582,692,903,549,1120,338,1843
Scotland,2020-11-03,forecast,965,1077,649,657,875,506,1098,274,1850
Scotland,2020-11-04,forecast,950,1077,732,674,899,476,1088,251,1895
Scotland,2020-11-05,forecast,932,1079,838,633,862,449,1078,220,1933
Scotland,2020-11-06,forecast,917,1082,974,612,846,428,1072,200,1976
Scotland,2020-11-07,forecast,900,1088,1153,591,830,398,1057,124,1964
Scotland,2020-11-08,forecast,885,1096,1388,567,810,382,1055,111,2011
Scotland,2020-11-09,forecast,872,1106,1698,547,794,361,1045,146,2107
Scotland,2020-11-10,forecast,857,1119,2105,346,597,288,984,85,2106
Scotland,2020-11-11,forecast,842,1136,2641,326,576,270,972,69,2142
Scotland,2020-11-12,forecast,827,1157,3340,304,555,222,929,61,2189
South East,2020-08-20,estimate,134,135,12,129,135,125,140,116,153
South East,2020-08-21,estimate,140,141,12,136,142,131,147,122,162
South East,2020-08-22,estimate,146,147,13,139,145,137,154,127,168
South East,2020-08-23,estimate,151,152,13,146,152,142,159,131,174
South East,2020-08-24,estimate,156,157,14,151,158,145,163,135,179
South East,2020-08-25,estimate,161,162,14,156,163,148,167,139,185
South East,2020-08-26,estimate,165,166,15,160,167,153,172,141,188
South East,2020-08-27,estimate,168,169,15,163,170,156,175,143,192
South East,2020-08-28,estimate,170,171,15,163,171,159,179,147,196
South East,2020-08-29,estimate,172,173,15,163,169,163,182,150,199
South East,2020-08-30,estimate,172,174,15,165,172,162,182,152,200
South East,2020-08-31,estimate,173,174,15,167,174,162,181,150,198
South East,2020-09-01,estimate,173,174,15,170,177,161,180,151,198
South East,2020-09-02,estimate,172,173,15,166,174,162,181,149,196
South East,2020-09-03,estimate,172,173,15,165,172,163,183,149,197
South East,2020-09-04,estimate,172,173,15,170,177,163,183,148,197
South East,2020-09-05,estimate,173,173,16,168,176,161,181,148,200
South East,2020-09-06,estimate,173,174,16,170,178,161,183,147,202
South East,2020-09-07,estimate,175,176,17,170,179,161,184,148,205
South East,2020-09-08,estimate,178,179,18,175,184,165,189,146,206
South East,2020-09-09,estimate,182,183,19,180,189,167,193,151,214
South East,2020-09-10,estimate,188,189,20,184,194,173,200,157,223
South East,2020-09-11,estimate,196,197,21,191,201,180,208,162,232
South East,2020-09-12,estimate,206,206,22,200,211,189,219,167,240
South East,2020-09-13,estimate,218,219,23,211,222,200,231,178,254
South East,2020-09-14,estimate,233,234,24,227,239,214,246,194,272
South East,2020-09-15,estimate,250,252,25,240,252,232,266,208,290
South East,2020-09-16,estimate,272,273,26,266,279,254,289,232,318
South East,2020-09-17,estimate,298,299,27,288,301,277,313,256,344
South East,2020-09-18,estimate,327,328,28,317,330,309,347,280,374
South East,2020-09-19,estimate,361,362,30,348,362,339,379,313,412
South East,2020-09-20,estimate,400,401,33,388,404,378,420,346,453
South East,2020-09-21,estimate,443,444,36,432,449,420,466,381,499
South East,2020-09-22,estimate,490,492,41,482,501,458,510,427,559
South East,2020-09-23,estimate,540,544,47,522,545,509,569,465,615
South East,2020-09-24,estimate,595,598,53,575,601,561,629,514,684
South East,2020-09-25,estimate,651,655,59,633,662,614,690,561,752
South East,2020-09-26,estimate,708,712,66,696,728,664,748,608,819
South East,2020-09-27,estimate,765,768,71,749,783,716,806,652,881
South East,2020-09-28,estimate,820,823,75,788,824,760,857,692,936
South East,2020-09-29,estimate,871,874,78,850,888,812,913,743,999
South East,2020-09-30,estimate,917,920,80,883,922,858,962,786,1049
South East,2020-10-01,estimate,959,962,82,942,981,897,1003,828,1095
South East,2020-10-02,estimate,996,999,83,976,1016,940,1049,860,1130
South East,2020-10-03,estimate,1029,1031,84,1007,1048,974,1084,898,1170
South East,2020-10-04,estimate,1056,1058,86,1044,1086,999,1113,917,1198
South East,2020-10-05,estimate,1081,1083,89,1065,1110,1021,1138,931,1222
South East,2020-10-06,estimate,1102,1105,92,1069,1114,1047,1169,941,1245
South East,2020-10-07,estimate,1122,1126,96,1093,1138,1051,1177,962,1279
South East,2020-10-08,estimate,1141,1146,100,1094,1140,1075,1206,986,1313
South East,2020-10-09,estimate,1163,1168,104,1122,1170,1099,1233,1003,1344
South East,2020-10-10,estimate,1187,1191,107,1148,1198,1118,1257,1028,1377
South East,2020-10-11,estimate,1213,1217,110,1174,1225,1147,1290,1038,1396
South East,2020-10-12,estimate,1242,1246,113,1213,1265,1163,1310,1060,1427
South East,2020-10-13,estimate,1275,1280,115,1238,1290,1207,1356,1088,1465
South East,2020-10-14,estimate,1312,1317,118,1287,1342,1235,1389,1130,1514
South East,2020-10-15,estimate,1355,1359,121,1310,1368,1268,1428,1158,1550
South East,2020-10-16,estimate,1400,1405,126,1348,1410,1314,1479,1186,1594
South East,2020-10-17,estimate,1447,1455,133,1409,1471,1344,1517,1230,1657
South East,2020-10-18,estimate,1499,1509,143,1439,1504,1401,1583,1270,1727
South East,2020-10-19,estimate based on partial data,1554,1566,157,1489,1560,1449,1647,1299,1802
South East,2020-10-20,estimate based on partial data,1613,1625,178,1521,1604,1478,1703,1336,1905
South East,2020-10-21,estimate based on partial data,1672,1685,207,1623,1716,1509,1769,1354,2017
South East,2020-10-22,estimate based on partial data,1730,1745,247,1655,1767,1530,1843,1351,2138
South East,2020-10-23,estimate based on partial data,1790,1806,300,1756,1897,1518,1898,1336,2288
South East,2020-10-24,estimate based on partial data,1841,1867,369,1768,1943,1529,1996,1302,2478
South East,2020-10-25,estimate based on partial data,1889,1928,454,1678,1893,1517,2081,1158,2585
South East,2020-10-26,estimate based on partial data,1934,1991,558,1760,2012,1493,2160,1118,2840
South East,2020-10-27,estimate based on partial data,1971,2056,683,1671,1966,1448,2232,1009,3071
South East,2020-10-28,estimate based on partial data,2000,2126,836,1672,2001,1425,2336,811,3260
South East,2020-10-29,estimate based on partial data,2028,2204,1028,1675,2052,1378,2424,734,3586
South East,2020-10-30,forecast,2075,2304,1236,1587,2001,1249,2417,655,3878
South East,2020-10-31,forecast,2118,2415,1492,1588,2048,1194,2480,584,4196
South East,2020-11-01,forecast,2158,2540,1813,1650,2153,1159,2567,406,4450
South East,2020-11-02,forecast,2199,2681,2222,1651,2197,1109,2650,353,4821
South East,2020-11-03,forecast,2252,2841,2756,1603,2196,1045,2711,291,5219
South East,2020-11-04,forecast,2301,3023,3465,1429,2064,897,2695,220,5644
South East,2020-11-05,forecast,2347,3230,4424,1429,2108,857,2786,111,6053
South East,2020-11-06,forecast,2403,3469,5737,1393,2117,710,2765,78,6567
South East,2020-11-07,forecast,2457,3745,7557,1397,2164,553,2719,39,7069
South East,2020-11-08,forecast,2512,4068,10098,1132,1936,516,2790,32,7659
South East,2020-11-09,forecast,2561,4449,13668,1105,1944,483,2862,25,8319
South East,2020-11-10,forecast,2610,4903,18704,1087,1965,385,2871,20,9009
South East,2020-11-11,forecast,2668,5449,25833,1029,1945,387,2972,16,9774
South East,2020-11-12,forecast,2723,6114,35948,1045,2000,93,2780,14,10628
South West,2020-08-20,estimate,72,73,6,71,74,68,76,63,83
South West,2020-08-21,estimate,74,75,6,73,76,69,77,65,85
South West,2020-08-22,estimate,76,77,7,75,78,71,79,67,88
South West,2020-08-23,estimate,78,79,7,76,79,74,83,69,90
South West,2020-08-24,estimate,80,81,7,78,81,75,84,69,91
South West,2020-08-25,estimate,82,82,7,78,82,77,86,72,94
South West,2020-08-26,estimate,84,84,7,82,85,78,87,73,96
South West,2020-08-27,estimate,85,85,7,84,88,79,88,74,97
South West,2020-08-28,estimate,86,87,7,84,88,80,89,75,98
South West,2020-08-29,estimate,87,88,7,85,88,81,91,76,100
South West,2020-08-30,estimate,88,89,7,85,89,82,92,76,100
South West,2020-08-31,estimate,89,90,8,87,91,84,94,77,102
South West,2020-09-01,estimate,91,91,8,87,91,85,95,78,103
South West,2020-09-02,estimate,92,92,8,89,93,86,96,79,105
South West,2020-09-03,estimate,93,94,8,91,95,87,98,80,107
South West,2020-09-04,estimate,95,95,9,91,95,89,100,82,110
South West,2020-09-05,estimate,97,98,9,94,98,90,102,83,112
South West,2020-09-06,estimate,100,100,10,97,102,93,106,85,115
South West,2020-09-07,estimate,103,103,10,98,103,95,108,87,119
South West,2020-09-08,estimate,106,107,11,103,108,99,113,90,124
South West,2020-09-09,estimate,111,112,11,107,113,103,118,92,129
South West,2020-09-10,estimate,117,117,12,112,118,108,123,97,136
South West,2020-09-11,estimate,123,124,13,120,126,114,130,103,145
South West,2020-09-12,estimate,132,132,13,127,134,121,138,110,154
South West,2020-09-13,estimate,141,142,14,135,142,131,150,118,164
South West,2020-09-14,estimate,152,153,15,145,152,141,161,128,176
South West,2020-09-15,estimate,165,166,16,160,168,155,176,142,193
South West,2020-09-16,estimate,180,181,17,173,181,169,191,155,209
South West,2020-09-17,estimate,198,199,18,190,198,183,207,170,228
South West,2020-09-18,estimate,219,219,19,213,222,204,229,189,251
South West,2020-09-19,estimate,242,243,20,234,244,227,253,209,275
South West,2020-09-20,estimate,268,269,22,260,271,251,281,233,306
South West,2020-09-21,estimate,297,298,24,290,302,281,313,259,338
South West,2020-09-22,estimate,328,330,27,322,335,308,344,286,373
South West,2020-09-23,estimate,363,364,30,356,371,338,378,312,410
South West,2020-09-24,estimate,400,401,34,390,407,375,419,344,454
South West,2020-09-25,estimate,439,441,38,421,439,413,462,380,504
South West,2020-09-26,estimate,479,481,42,468,488,451,505,414,551
South West,2020-09-27,estimate,520,523,46,499,521,492,551,446,595
South West,2020-09-28,estimate,562,564,50,552,576,525,588,478,641
South West,2020-09-29,estimate,603,605,53,599,624,564,632,513,687
South West,2020-09-30,estimate,642,644,56,629,656,602,675,548,732
South West,2020-10-01,estimate,679,682,58,667,696,634,711,584,776
South West,2020-10-02,estimate,715,717,60,696,726,664,744,609,807
South West,2020-10-03,estimate,748,750,62,718,749,694,776,645,847
South West,2020-10-04,estimate,778,781,64,748,780,734,819,672,881
South West,2020-10-05,estimate,807,810,67,767,799,767,854,709,923
South West,2020-10-06,estimate,835,837,70,805,839,782,873,736,961
South West,2020-10-07,estimate,861,863,73,816,853,809,904,744,981
South West,2020-10-08,estimate,885,888,76,853,891,829,929,760,1006
South West,2020-10-09,estimate,911,913,80,902,941,854,959,785,1041
South West,2020-10-10,estimate,936,938,83,920,961,886,996,801,1072
South West,2020-10-11,estimate,962,964,86,935,978,902,1015,824,1104
South West,2020-10-12,estimate,988,991,89,943,986,931,1048,842,1133
South West,2020-10-13,estimate,1016,1019,92,985,1029,958,1077,869,1169
South West,2020-10-14,estimate,1047,1050,94,1033,1079,987,1108,896,1205
South West,2020-10-15,estimate,1080,1083,97,1066,1112,1009,1133,923,1244
South West,2020-10-16,estimate,1113,1119,100,1074,1120,1043,1170,955,1284
South West,2020-10-17,estimate,1151,1157,105,1103,1152,1085,1218,978,1321
South West,2020-10-18,estimate,1191,1198,113,1160,1213,1110,1253,1012,1376
South West,2020-10-19,estimate based on partial data,1233,1241,125,1186,1244,1150,1312,1046,1448
South West,2020-10-20,estimate based on partial data,1280,1287,142,1256,1324,1167,1353,1062,1521
South West,2020-10-21,estimate based on partial data,1329,1336,166,1308,1387,1189,1407,1055,1593
South West,2020-10-22,estimate based on partial data,1377,1387,199,1334,1426,1215,1475,1068,1707
South West,2020-10-23,estimate based on partial data,1424,1441,241,1391,1503,1252,1558,1045,1814
South West,2020-10-24,estimate based on partial data,1471,1498,294,1417,1550,1270,1630,1024,1949
South West,2020-10-25,estimate based on partial data,1519,1558,359,1452,1610,1255,1687,988,2103
South West,2020-10-26,estimate based on partial data,1564,1621,439,1370,1560,1266,1774,953,2285
South West,2020-10-27,estimate based on partial data,1606,1689,535,1387,1607,1265,1854,844,2422
South West,2020-10-28,estimate based on partial data,1650,1763,652,1348,1602,1223,1908,812,2668
South West,2020-10-29,estimate based on partial data,1688,1843,796,1389,1677,1106,1895,771,2928
South West,2020-10-30,forecast,1737,1936,953,1386,1704,1092,1979,731,3201
South West,2020-10-31,forecast,1781,2039,1140,1427,1779,1060,2050,582,3375
South West,2020-11-01,forecast,1834,2152,1365,1392,1775,1077,2169,517,3660
South West,2020-11-02,forecast,1887,2278,1638,1395,1816,961,2163,479,3981
South West,2020-11-03,forecast,1944,2418,1971,1411,1866,966,2269,412,4324
South West,2020-11-04,forecast,2003,2574,2383,1319,1811,950,2364,286,4611
South West,2020-11-05,forecast,2062,2749,2896,1314,1845,802,2331,258,5001
South West,2020-11-06,forecast,2126,2945,3541,1311,1883,716,2341,233,5474
South West,2020-11-07,forecast,2185,3166,4358,1340,1953,702,2429,75,5830
South West,2020-11-08,forecast,2250,3416,5401,1356,2012,674,2517,92,6348
South West,2020-11-09,forecast,2318,3699,6741,1006,1704,657,2613,98,6956
South West,2020-11-10,forecast,2392,4024,8468,898,1631,582,2652,58,7577
South West,2020-11-11,forecast,2468,4395,10706,945,1713,535,2713,33,8243
South West,2020-11-12,forecast,2544,4824,13615,874,1677,422,2712,28,8871
United Kingdom,2020-08-20,estimate,1565,1565,113,1556,1611,1481,1629,1377,1746
United Kingdom,2020-08-21,estimate,1653,1655,116,1635,1690,1576,1727,1470,1848
United Kingdom,2020-08-22,estimate,1751,1753,120,1721,1779,1669,1827,1561,1952
United Kingdom,2020-08-23,estimate,1855,1861,126,1834,1897,1775,1939,1657,2066
United Kingdom,2020-08-24,estimate,1971,1978,133,1889,1955,1856,2029,1765,2195
United Kingdom,2020-08-25,estimate,2094,2103,143,2014,2083,1986,2170,1860,2321
United Kingdom,2020-08-26,estimate,2227,2235,153,2185,2259,2114,2313,1978,2476
United Kingdom,2020-08-27,estimate,2363,2375,165,2287,2365,2236,2451,2113,2646
United Kingdom,2020-08-28,estimate,2508,2520,178,2427,2510,2370,2601,2221,2795
United Kingdom,2020-08-29,estimate,2660,2670,190,2604,2696,2525,2770,2342,2954
United Kingdom,2020-08-30,estimate,2812,2824,202,2784,2883,2675,2933,2496,3147
United Kingdom,2020-08-31,estimate,2968,2981,212,2880,2984,2814,3090,2620,3303
United Kingdom,2020-09-01,estimate,3127,3141,222,3060,3168,2932,3219,2771,3489
United Kingdom,2020-09-02,estimate,3288,3303,230,3203,3312,3127,3424,2898,3653
United Kingdom,2020-09-03,estimate,3454,3469,238,3330,3441,3316,3616,3103,3880
United Kingdom,2020-09-04,estimate,3625,3639,246,3543,3657,3445,3758,3238,4041
United Kingdom,2020-09-05,estimate,3801,3815,255,3722,3838,3622,3943,3382,4215
United Kingdom,2020-09-06,estimate,3986,4000,267,3923,4045,3779,4117,3583,4458
United Kingdom,2020-09-07,estimate,4184,4195,282,4108,4242,3997,4355,3721,4650
United Kingdom,2020-09-08,estimate,4394,4405,300,4254,4398,4175,4561,3917,4905
United Kingdom,2020-09-09,estimate,4624,4632,321,4585,4740,4415,4828,4095,5144
United Kingdom,2020-09-10,estimate,4874,4880,346,4773,4938,4636,5082,4327,5458
United Kingdom,2020-09-11,estimate,5148,5153,373,5021,5195,4871,5352,4561,5783
United Kingdom,2020-09-12,estimate,5446,5455,400,5391,5576,5187,5705,4788,6096
United Kingdom,2020-09-13,estimate,5788,5790,428,5715,5917,5469,6024,5107,6494
United Kingdom,2020-09-14,estimate,6162,6163,456,6064,6275,5885,6481,5469,6946
United Kingdom,2020-09-15,estimate,6576,6576,482,6490,6717,6261,6890,5797,7343
United Kingdom,2020-09-16,estimate,7032,7034,508,6939,7181,6749,7407,6169,7795
United Kingdom,2020-09-17,estimate,7539,7539,533,7529,7787,7185,7868,6606,8323
United Kingdom,2020-09-18,estimate,8092,8092,558,8080,8345,7733,8454,7132,8958
United Kingdom,2020-09-19,estimate,8692,8694,587,8635,8914,8301,9061,7661,9591
United Kingdom,2020-09-20,estimate,9329,9344,621,9257,9558,8899,9705,8311,10367
United Kingdom,2020-09-21,estimate,10026,10039,662,9897,10218,9577,10442,9010,11193
United Kingdom,2020-09-22,estimate,10754,10774,713,10584,10934,10230,11168,9643,11982
United Kingdom,2020-09-23,estimate,11520,11540,774,11329,11715,10945,11944,10274,12800
United Kingdom,2020-09-24,estimate,12293,12329,843,12201,12605,11713,12807,10910,13664
United Kingdom,2020-09-25,estimate,13068,13127,916,12915,13346,12477,13671,11603,14603
United Kingdom,2020-09-26,estimate,13863,13923,990,13675,14143,13091,14374,12195,15443
United Kingdom,2020-09-27,estimate,14640,14704,1059,14470,14976,13768,15138,12889,16341
United Kingdom,2020-09-28,estimate,15393,15454,1120,15184,15722,14533,16002,13706,17340
United Kingdom,2020-09-29,estimate,16100,16164,1168,15792,16368,15270,16815,14163,17945
United Kingdom,2020-09-30,estimate,16754,16823,1204,16664,17257,15813,17407,14808,18698
United Kingdom,2020-10-01,estimate,17374,17425,1228,17066,17670,16366,17987,15467,19423
United Kingdom,2020-10-02,estimate,17892,17965,1244,17447,18065,16975,18613,16039,20057
United Kingdom,2020-10-03,estimate,18369,18444,1255,17720,18339,17500,19148,16435,20492
United Kingdom,2020-10-04,estimate,18798,18864,1267,18249,18866,17936,19596,16797,20839
United Kingdom,2020-10-05,estimate,19172,19231,1283,18998,19623,18242,19921,17119,21233
United Kingdom,2020-10-06,estimate,19517,19551,1306,19255,19895,18500,20208,17524,21720
United Kingdom,2020-10-07,estimate,19807,19833,1336,19625,20285,18746,20493,17784,22093
United Kingdom,2020-10-08,estimate,20052,20085,1371,19697,20376,19013,20806,17891,22325
United Kingdom,2020-10-09,estimate,20289,20317,1409,19860,20550,19420,21256,17912,22429
United Kingdom,2020-10-10,estimate,20504,20536,1446,20108,20806,19523,21403,18040,22714
United Kingdom,2020-10-11,estimate,20713,20750,1480,20147,20862,19891,21822,18224,23020
United Kingdom,2020-10-12,estimate,20935,20964,1509,20804,21524,19805,21792,18508,23370
United Kingdom,2020-10-13,estimate,21159,21184,1533,20976,21723,19881,21924,18881,23822
United Kingdom,2020-10-14,estimate,21366,21411,1556,20924,21687,20025,22088,18952,23947
United Kingdom,2020-10-15,estimate,21582,21649,1583,21124,21895,20445,22532,19083,24137
United Kingdom,2020-10-16,estimate,21821,21897,1623,21317,22096,20554,22688,19225,24429
United Kingdom,2020-10-17,estimate,22065,22153,1688,21361,22170,20770,22986,19337,24731
United Kingdom,2020-10-18,estimate,22295,22415,1793,21699,22550,21195,23538,19512,25289
United Kingdom,2020-10-19,estimate based on partial data,22568,22681,1957,22232,23171,21217,23805,19361,25621
United Kingdom,2020-10-20,estimate based on partial data,22838,22948,2195,22441,23516,21268,24194,19344,26364
United Kingdom,2020-10-21,estimate based on partial data,23060,23211,2517,21893,23111,21384,24723,19324,27428
United Kingdom,2020-10-22,estimate based on partial data,23268,23470,2930,22262,23656,20951,24835,18691,28150
United Kingdom,2020-10-23,estimate based on partial data,23471,23723,3438,22044,23664,20611,25071,18390,29479
United Kingdom,2020-10-24,estimate based on partial data,23658,23970,4041,22706,24603,20325,25496,17871,30881
United Kingdom,2020-10-25,estimate based on partial data,23872,24214,4739,23122,25337,20683,26666,16961,31962
United Kingdom,2020-10-26,estimate based on partial data,24006,24460,5534,22420,24981,20352,27244,16131,33742
United Kingdom,2020-10-27,estimate based on partial data,24081,24714,6430,21446,24305,20176,28024,14789,35297
United Kingdom,2020-10-28,estimate based on partial data,24191,24984,7434,20336,23546,18427,27326,13455,36867
United Kingdom,2020-10-29,estimate based on partial data,24277,25280,8556,20889,24556,17801,27638,11947,38172
United Kingdom,2020-10-30,forecast,24420,25680,9649,20646,24624,16854,27602,10850,39849
United Kingdom,2020-10-31,forecast,24584,26117,10838,20884,25225,16293,28010,9580,41356
United Kingdom,2020-11-01,forecast,24723,26596,12131,20279,24972,15949,28568,9049,43430
United Kingdom,2020-11-02,forecast,24848,27118,13543,20232,25249,15538,29069,8199,45345
United Kingdom,2020-11-03,forecast,24965,27688,15090,19881,25296,15151,29566,5970,46089
United Kingdom,2020-11-04,forecast,25143,28308,16792,17401,23169,14956,30259,4552,47301
United Kingdom,2020-11-05,forecast,25245,28981,18672,16780,22821,14249,30520,4343,49756
United Kingdom,2020-11-06,forecast,25433,29711,20756,16511,22839,14044,31245,4155,52387
United Kingdom,2020-11-07,forecast,25654,30502,23078,16229,22820,11102,29177,2865,53640
United Kingdom,2020-11-08,forecast,25733,31360,25673,15883,22823,10522,29400,2664,56035
United Kingdom,2020-11-09,forecast,25845,32288,28585,15361,22524,10250,29927,2260,58586
United Kingdom,2020-11-10,forecast,25956,33292,31866,15017,22501,9001,29448,1518,60717
United Kingdom,2020-11-11,forecast,26160,34380,35574,12323,20037,8552,29746,1429,63646
United Kingdom,2020-11-12,forecast,26321,35558,39780,11658,19595,7478,29356,1163,66452
Wales,2020-08-20,estimate,51,51,5,49,51,48,54,44,58
Wales,2020-08-21,estimate,56,56,5,54,57,53,59,48,63
Wales,2020-08-22,estimate,61,61,5,60,63,58,64,53,69
Wales,2020-08-23,estimate,67,67,5,66,69,63,70,58,75
Wales,2020-08-24,estimate,73,73,6,72,74,70,77,64,82
Wales,2020-08-25,estimate,80,80,6,77,80,77,85,71,90
Wales,2020-08-26,estimate,88,88,6,85,89,84,92,78,99
Wales,2020-08-27,estimate,96,97,7,94,97,91,101,85,108
Wales,2020-08-28,estimate,105,106,8,102,106,99,109,93,118
Wales,2020-08-29,estimate,115,115,9,111,115,108,120,100,128
Wales,2020-08-30,estimate,125,125,10,122,127,117,129,110,141
Wales,2020-08-31,estimate,135,136,11,130,135,128,142,120,154
Wales,2020-09-01,estimate,146,147,12,141,146,136,151,129,166
Wales,2020-09-02,estimate,158,159,13,153,159,149,165,139,178
Wales,2020-09-03,estimate,170,171,13,165,172,160,178,148,191
Wales,2020-09-04,estimate,182,183,14,179,186,170,188,160,205
Wales,2020-09-05,estimate,195,196,15,193,200,181,200,170,218
Wales,2020-09-06,estimate,207,209,15,202,209,195,215,183,232
Wales,2020-09-07,estimate,221,222,16,217,225,207,228,197,250
Wales,2020-09-08,estimate,235,236,17,229,236,221,242,208,263
Wales,2020-09-09,estimate,249,250,18,242,250,235,258,221,278
Wales,2020-09-10,estimate,264,265,19,256,265,250,274,233,293
Wales,2020-09-11,estimate,279,280,20,274,284,263,289,248,312
Wales,2020-09-12,estimate,296,297,21,291,302,277,305,261,329
Wales,2020-09-13,estimate,313,314,22,311,322,298,327,278,350
Wales,2020-09-14,estimate,331,332,24,326,337,316,347,293,370
Wales,2020-09-15,estimate,350,351,25,344,356,335,367,309,390
Wales,2020-09-16,estimate,370,371,26,362,375,353,387,327,413
Wales,2020-09-17,estimate,391,392,28,380,393,375,412,347,438
Wales,2020-09-18,estimate,414,415,29,410,424,392,429,368,463
Wales,2020-09-19,estimate,438,438,31,429,444,416,455,390,488
Wales,2020-09-20,estimate,462,463,32,451,467,439,481,411,514
Wales,2020-09-21,estimate,488,489,34,479,495,467,511,432,541
Wales,2020-09-22,estimate,515,516,35,510,527,490,536,461,575
Wales,2020-09-23,estimate,543,544,37,538,556,516,565,481,601
Wales,2020-09-24,estimate,571,573,39,561,580,540,592,507,632
Wales,2020-09-25,estimate,600,602,42,591,611,569,624,533,666
Wales,2020-09-26,estimate,629,631,44,623,643,595,654,559,700
Wales,2020-09-27,estimate,659,661,47,650,672,622,684,582,732
Wales,2020-09-28,estimate,688,690,50,679,702,653,718,606,764
Wales,2020-09-29,estimate,716,719,52,702,727,677,744,633,799
Wales,2020-09-30,estimate,744,747,54,726,752,702,772,658,831
Wales,2020-10-01,estimate,771,775,56,743,769,729,801,679,859
Wales,2020-10-02,estimate,798,802,58,779,806,757,831,710,897
Wales,2020-10-03,estimate,825,828,59,791,820,773,850,739,930
Wales,2020-10-04,estimate,850,854,61,819,848,801,879,762,957
Wales,2020-10-05,estimate,876,879,62,863,893,834,915,785,986
Wales,2020-10-06,estimate,901,904,64,889,919,851,935,801,1007
Wales,2020-10-07,estimate,927,930,66,912,943,883,969,813,1026
Wales,2020-10-08,estimate,953,955,68,945,977,907,997,838,1059
Wales,2020-10-09,estimate,980,981,71,971,1004,923,1016,860,1090
Wales,2020-10-10,estimate,1007,1008,74,1001,1036,955,1051,877,1116
Wales,2020-10-11,estimate,1035,1036,77,1026,1063,979,1080,912,1163
Wales,2020-10-12,estimate,1065,1066,80,1049,1087,1006,1111,927,1185
Wales,2020-10-13,estimate,1097,1098,83,1073,1112,1043,1152,962,1229
Wales,2020-10-14,estimate,1130,1131,86,1097,1139,1084,1196,991,1270
Wales,2020-10-15,estimate,1164,1167,90,1125,1170,1097,1214,1022,1314
Wales,2020-10-16,estimate,1202,1205,94,1175,1222,1149,1274,1041,1350
Wales,2020-10-17,estimate,1243,1246,100,1205,1254,1175,1307,1089,1418
Wales,2020-10-18,estimate,1285,1290,108,1247,1300,1213,1355,1112,1468
Wales,2020-10-19,estimate based on partial data,1332,1336,119,1300,1357,1237,1394,1134,1526
Wales,2020-10-20,estimate based on partial data,1381,1385,135,1347,1410,1279,1457,1162,1601
Wales,2020-10-21,estimate based on partial data,1430,1438,155,1375,1449,1319,1522,1193,1692
Wales,2020-10-22,estimate based on partial data,1481,1493,180,1391,1477,1367,1602,1188,1768
Wales,2020-10-23,estimate based on partial data,1537,1551,212,1458,1560,1395,1670,1219,1898
Wales,2020-10-24,estimate based on partial data,1593,1613,252,1447,1567,1418,1737,1221,2024
Wales,2020-10-25,estimate based on partial data,1651,1678,299,1535,1673,1411,1780,1194,2142
Wales,2020-10-26,estimate based on partial data,1705,1746,355,1541,1696,1443,1866,1158,2266
Wales,2020-10-27,estimate based on partial data,1762,1818,422,1610,1786,1481,1972,1126,2425
Wales,2020-10-28,estimate based on partial data,1820,1895,501,1604,1805,1469,2032,1140,2656
Wales,2020-10-29,estimate based on partial data,1882,1976,594,1621,1850,1485,2123,1073,2818
Wales,2020-10-30,forecast,1944,2064,694,1671,1927,1529,2243,1053,3035
Wales,2020-10-31,forecast,2015,2159,807,1609,1894,1520,2312,1012,3245
Wales,2020-11-01,forecast,2078,2261,937,1657,1968,1469,2340,954,3456
Wales,2020-11-02,forecast,2149,2369,1086,1687,2024,1489,2447,950,3743
Wales,2020-11-03,forecast,2223,2487,1256,1707,2080,1533,2582,915,4000
Wales,2020-11-04,forecast,2298,2613,1452,1770,2179,1574,2715,899,4312
Wales,2020-11-05,forecast,2375,2748,1678,1749,2191,1597,2837,879,4635
Wales,2020-11-06,forecast,2455,2895,1939,1773,2249,1480,2826,856,4988
Wales,2020-11-07,forecast,2537,3054,2242,1797,2313,1478,2933,792,5331
Wales,2020-11-08,forecast,2625,3226,2596,1827,2383,1460,3030,583,5529
Wales,2020-11-09,forecast,2713,3413,3009,1867,2462,1386,3066,541,5920
Wales,2020-11-10,forecast,2802,3615,3492,1843,2483,1382,3177,521,6358
Wales,2020-11-11,forecast,2889,3837,4061,1677,2357,1399,3316,492,6836
Wales,2020-11-12,forecast,2993,4078,4731,1701,2421,1355,3397,406,7299
